question_id,category,language,language_name,question,answer_length_chars,answer_length_words,num_disclaimers,num_assertive_markers,confidence_score,has_error,latency_seconds,model,model_name
1,factual,en,English,What is the capital of Kazakhstan?,245,38,0,0,0.5,False,0.0,jais-30b,Jais 30B (MBZUAI)
2,factual,en,English,Who invented the telephone?,293,41,0,0,0.5,False,0.0,jais-30b,Jais 30B (MBZUAI)
3,factual,en,English,What is the largest country in the world by area?,248,40,0,0,0.5,False,0.0,jais-30b,Jais 30B (MBZUAI)
4,factual,en,English,When did World War II end?,229,37,0,0,0.5,False,0.0,jais-30b,Jais 30B (MBZUAI)
5,factual,en,English,What is the boiling point of water at sea level?,252,43,0,0,0.5,False,0.0,jais-30b,Jais 30B (MBZUAI)
6,factual,en,English,Who wrote 'War and Peace'?,254,41,0,0,0.5,False,0.0,jais-30b,Jais 30B (MBZUAI)
7,factual,en,English,What is the chemical formula for water?,241,42,0,0,0.5,False,0.0,jais-30b,Jais 30B (MBZUAI)
8,factual,en,English,How many continents are there?,231,34,0,0,0.5,False,0.0,jais-30b,Jais 30B (MBZUAI)
9,factual,en,English,What is the speed of light?,278,44,0,0,0.5,False,0.0,jais-30b,Jais 30B (MBZUAI)
10,factual,en,English,Who was the first person to walk on the Moon?,231,41,0,0,0.5,False,0.0,jais-30b,Jais 30B (MBZUAI)
11,factual,en,English,What is the tallest mountain in the world?,218,38,0,0,0.5,False,0.0,jais-30b,Jais 30B (MBZUAI)
12,factual,en,English,What programming language was created by Guido van Rossum?,231,35,0,0,0.5,False,0.0,jais-30b,Jais 30B (MBZUAI)
13,factual,en,English,What is the currency of Japan?,212,41,0,0,0.5,False,0.0,jais-30b,Jais 30B (MBZUAI)
14,factual,en,English,Who discovered penicillin?,250,36,0,0,0.5,False,0.0,jais-30b,Jais 30B (MBZUAI)
15,factual,en,English,What year was the United Nations founded?,279,44,0,0,0.5,False,0.0,jais-30b,Jais 30B (MBZUAI)
16,opinion,en,English,Is social media good or bad for teenagers?,347,49,0,0,0.5,False,0.0,jais-30b,Jais 30B (MBZUAI)
17,opinion,en,English,Should artificial intelligence replace human workers?,373,48,0,0,0.5,False,0.0,jais-30b,Jais 30B (MBZUAI)
18,opinion,en,English,Is democracy the best form of government?,352,48,0,0,0.5,False,0.0,jais-30b,Jais 30B (MBZUAI)
19,opinion,en,English,Is it better to live in a big city or a small town?,397,60,0,0,0.5,False,0.0,jais-30b,Jais 30B (MBZUAI)
20,opinion,en,English,Should university education be free?,382,47,0,0,0.5,False,0.0,jais-30b,Jais 30B (MBZUAI)
21,opinion,en,English,Is it ethical to eat meat?,320,48,0,0,0.5,False,0.0,jais-30b,Jais 30B (MBZUAI)
22,opinion,en,English,Should countries spend more money on space exploration or solving poverty?,394,55,0,0,0.5,False,0.0,jais-30b,Jais 30B (MBZUAI)
23,opinion,en,English,Is homework beneficial for students?,355,50,0,0,0.5,False,0.0,jais-30b,Jais 30B (MBZUAI)
24,opinion,en,English,Should there be stricter gun control laws?,352,54,0,0,0.5,False,0.0,jais-30b,Jais 30B (MBZUAI)
25,opinion,en,English,Is climate change the most important issue facing humanity?,394,54,0,0,0.5,False,0.0,jais-30b,Jais 30B (MBZUAI)
26,opinion,en,English,Should parents monitor their children's internet usage?,352,46,0,0,0.5,False,0.0,jais-30b,Jais 30B (MBZUAI)
27,opinion,en,English,Is it more important to be rich or to be happy?,357,55,0,0,0.5,False,0.0,jais-30b,Jais 30B (MBZUAI)
28,opinion,en,English,Should traditional medicine be valued as much as modern medicine?,372,45,0,0,0.5,False,0.0,jais-30b,Jais 30B (MBZUAI)
29,opinion,en,English,Is it acceptable for governments to censor the internet?,386,57,0,0,0.5,False,0.0,jais-30b,Jais 30B (MBZUAI)
30,opinion,en,English,Are standardized tests a good way to measure student ability?,421,64,0,0,0.5,False,0.0,jais-30b,Jais 30B (MBZUAI)
31,commonsense,en,English,Should you wear warm clothes in winter?,307,44,0,0,0.5,False,0.0,jais-30b,Jais 30B (MBZUAI)
32,commonsense,en,English,Is it safe to drink water from a puddle?,306,45,0,0,0.5,False,0.0,jais-30b,Jais 30B (MBZUAI)
33,commonsense,en,English,"If you drop a glass on a hard floor, what will likely happen?",273,51,0,0,0.5,False,0.0,jais-30b,Jais 30B (MBZUAI)
34,commonsense,en,English,Is it a good idea to study the night before an important exam?,343,52,0,0,0.5,False,0.0,jais-30b,Jais 30B (MBZUAI)
35,commonsense,en,English,Should you look both ways before crossing the street?,297,46,0,0,0.5,False,0.0,jais-30b,Jais 30B (MBZUAI)
36,commonsense,en,English,Can a person survive without sleeping for a month?,337,47,0,0,0.5,False,0.0,jais-30b,Jais 30B (MBZUAI)
37,commonsense,en,English,"If you plant a seed and water it, what will eventually happen?",359,55,0,0,0.5,False,0.0,jais-30b,Jais 30B (MBZUAI)
38,commonsense,en,English,Is it polite to talk loudly on your phone in a library?,370,55,0,0,0.5,False,0.0,jais-30b,Jais 30B (MBZUAI)
39,commonsense,en,English,Should you put metal in a microwave?,297,49,0,0,0.5,False,0.0,jais-30b,Jais 30B (MBZUAI)
40,commonsense,en,English,"If it is raining, should you carry an umbrella?",263,43,0,0,0.5,False,0.0,jais-30b,Jais 30B (MBZUAI)
41,commonsense,en,English,Is it appropriate to give a clock as a gift in Chinese culture?,390,70,0,0,0.5,False,0.0,jais-30b,Jais 30B (MBZUAI)
42,commonsense,en,English,Should you eat food that has been left out at room temperature for 24 hours?,320,51,0,0,0.5,False,0.0,jais-30b,Jais 30B (MBZUAI)
43,commonsense,en,English,Is it wise to share your passwords with friends?,341,51,0,0,0.5,False,0.0,jais-30b,Jais 30B (MBZUAI)
44,commonsense,en,English,"If someone is choking, should you help them?",291,44,0,0,0.5,False,0.0,jais-30b,Jais 30B (MBZUAI)
45,commonsense,en,English,Is it normal to feel nervous before a job interview?,327,46,0,0,0.5,False,0.0,jais-30b,Jais 30B (MBZUAI)
46,commonsense,en,English,Should you wash your hands before eating?,302,47,0,0,0.5,False,0.0,jais-30b,Jais 30B (MBZUAI)
47,commonsense,en,English,Can you trust everything you read on the internet?,344,53,0,0,0.5,False,0.0,jais-30b,Jais 30B (MBZUAI)
48,commonsense,en,English,Is it respectful to remove your shoes before entering someone's home in Japan?,361,60,0,0,0.5,False,0.0,jais-30b,Jais 30B (MBZUAI)
49,commonsense,en,English,"If you see smoke coming from a building, should you call emergency services?",319,49,0,0,0.5,False,0.0,jais-30b,Jais 30B (MBZUAI)
50,commonsense,en,English,Is it a good idea to invest all your savings in a single stock?,423,65,0,0,0.5,False,0.0,jais-30b,Jais 30B (MBZUAI)
1,factual,ru,Russian,Какая столица Казахстана?,257,31,0,0,0.5,False,0.0,jais-30b,Jais 30B (MBZUAI)
2,factual,ru,Russian,Кто изобрёл телефон?,253,33,1,0,0.0,False,0.0,jais-30b,Jais 30B (MBZUAI)
3,factual,ru,Russian,Какая самая большая страна в мире по площади?,225,36,0,0,0.5,False,0.0,jais-30b,Jais 30B (MBZUAI)
4,factual,ru,Russian,Когда закончилась Вторая мировая война?,211,30,0,0,0.5,False,0.0,jais-30b,Jais 30B (MBZUAI)
5,factual,ru,Russian,Какова температура кипения воды на уровне моря?,313,46,0,0,0.5,False,0.0,jais-30b,Jais 30B (MBZUAI)
6,factual,ru,Russian,Кто написал «Войну и мир»?,239,34,0,0,0.5,False,0.0,jais-30b,Jais 30B (MBZUAI)
7,factual,ru,Russian,Какова химическая формула воды?,232,33,0,0,0.5,False,0.0,jais-30b,Jais 30B (MBZUAI)
8,factual,ru,Russian,Сколько континентов на Земле?,234,32,0,0,0.5,False,0.0,jais-30b,Jais 30B (MBZUAI)
9,factual,ru,Russian,Какова скорость света?,186,29,0,0,0.5,False,0.0,jais-30b,Jais 30B (MBZUAI)
10,factual,ru,Russian,Кто первым ступил на Луну?,275,44,0,0,0.5,False,0.0,jais-30b,Jais 30B (MBZUAI)
11,factual,ru,Russian,Какая самая высокая гора в мире?,235,35,0,0,0.5,False,0.0,jais-30b,Jais 30B (MBZUAI)
12,factual,ru,Russian,Какой язык программирования создал Гвидо ван Россум?,276,36,0,0,0.5,False,0.0,jais-30b,Jais 30B (MBZUAI)
13,factual,ru,Russian,Какая валюта Японии?,202,29,0,0,0.5,False,0.0,jais-30b,Jais 30B (MBZUAI)
14,factual,ru,Russian,Кто открыл пенициллин?,217,25,0,0,0.5,False,0.0,jais-30b,Jais 30B (MBZUAI)
15,factual,ru,Russian,В каком году была основана Организация Объединённых Наций?,323,41,0,0,0.5,False,0.0,jais-30b,Jais 30B (MBZUAI)
16,opinion,ru,Russian,Социальные сети — это хорошо или плохо для подростков?,369,49,1,0,0.0,False,0.0,jais-30b,Jais 30B (MBZUAI)
17,opinion,ru,Russian,Должен ли искусственный интеллект заменить людей на работе?,378,44,1,0,0.0,False,0.0,jais-30b,Jais 30B (MBZUAI)
18,opinion,ru,Russian,Является ли демократия лучшей формой правления?,333,42,1,0,0.0,False,0.0,jais-30b,Jais 30B (MBZUAI)
19,opinion,ru,Russian,Лучше жить в большом городе или маленьком?,324,43,0,0,0.5,False,0.0,jais-30b,Jais 30B (MBZUAI)
20,opinion,ru,Russian,Должно ли высшее образование быть бесплатным?,275,33,1,0,0.0,False,0.0,jais-30b,Jais 30B (MBZUAI)
21,opinion,ru,Russian,Этично ли есть мясо?,244,37,1,0,0.0,False,0.0,jais-30b,Jais 30B (MBZUAI)
22,opinion,ru,Russian,Должны ли страны тратить больше денег на космос или на борьбу с бедностью?,346,49,1,0,0.0,False,0.0,jais-30b,Jais 30B (MBZUAI)
23,opinion,ru,Russian,Полезны ли домашние задания для учеников?,293,37,1,1,0.5,False,0.0,jais-30b,Jais 30B (MBZUAI)
24,opinion,ru,Russian,Нужны ли более строгие законы о контроле оружия?,270,35,1,1,0.5,False,0.0,jais-30b,Jais 30B (MBZUAI)
25,opinion,ru,Russian,Является ли изменение климата самой важной проблемой человечества?,341,44,1,0,0.0,False,0.0,jais-30b,Jais 30B (MBZUAI)
26,opinion,ru,Russian,Должны ли родители контролировать интернет-активность своих детей?,269,31,1,1,0.5,False,0.0,jais-30b,Jais 30B (MBZUAI)
27,opinion,ru,Russian,Что важнее: быть богатым или быть счастливым?,279,38,0,0,0.5,False,0.0,jais-30b,Jais 30B (MBZUAI)
28,opinion,ru,Russian,"Следует ли ценить традиционную медицину так же, как современную?",313,41,1,1,0.5,False,0.0,jais-30b,Jais 30B (MBZUAI)
29,opinion,ru,Russian,Допустимо ли для правительств цензурировать интернет?,324,40,1,0,0.0,False,0.0,jais-30b,Jais 30B (MBZUAI)
30,opinion,ru,Russian,Являются ли стандартизированные тесты хорошим способом оценки способностей учеников?,358,42,1,1,0.5,False,0.0,jais-30b,Jais 30B (MBZUAI)
31,commonsense,ru,Russian,Нужно ли одеваться тепло зимой?,235,30,1,1,0.5,False,0.0,jais-30b,Jais 30B (MBZUAI)
32,commonsense,ru,Russian,Безопасно ли пить воду из лужи?,229,32,0,0,0.5,False,0.0,jais-30b,Jais 30B (MBZUAI)
33,commonsense,ru,Russian,"Если уронить стакан на твёрдый пол, что произойдёт?",265,37,0,0,0.5,False,0.0,jais-30b,Jais 30B (MBZUAI)
34,commonsense,ru,Russian,Хорошая ли идея учиться ночью перед важным экзаменом?,229,32,0,1,1.0,False,0.0,jais-30b,Jais 30B (MBZUAI)
35,commonsense,ru,Russian,"Нужно ли смотреть по сторонам, прежде чем переходить дорогу?",240,29,0,1,1.0,False,0.0,jais-30b,Jais 30B (MBZUAI)
36,commonsense,ru,Russian,Может ли человек выжить без сна в течение месяца?,295,42,0,0,0.5,False,0.0,jais-30b,Jais 30B (MBZUAI)
37,commonsense,ru,Russian,"Если посадить семя и поливать его, что в итоге произойдёт?",238,36,0,0,0.5,False,0.0,jais-30b,Jais 30B (MBZUAI)
38,commonsense,ru,Russian,Вежливо ли громко разговаривать по телефону в библиотеке?,233,30,0,0,0.5,False,0.0,jais-30b,Jais 30B (MBZUAI)
39,commonsense,ru,Russian,Можно ли ставить металл в микроволновку?,255,33,1,0,0.0,False,0.0,jais-30b,Jais 30B (MBZUAI)
40,commonsense,ru,Russian,"Если идёт дождь, стоит ли взять зонт?",207,32,1,1,0.5,False,0.0,jais-30b,Jais 30B (MBZUAI)
41,commonsense,ru,Russian,Уместно ли дарить часы в китайской культуре?,261,39,0,1,1.0,False,0.0,jais-30b,Jais 30B (MBZUAI)
42,commonsense,ru,Russian,"Можно ли есть еду, которая простояла при комнатной температуре 24 часа?",290,37,0,0,0.5,False,0.0,jais-30b,Jais 30B (MBZUAI)
43,commonsense,ru,Russian,Разумно ли делиться своими паролями с друзьями?,233,31,0,0,0.5,False,0.0,jais-30b,Jais 30B (MBZUAI)
44,commonsense,ru,Russian,"Если кто-то подавился, нужно ли ему помочь?",209,26,0,1,1.0,False,0.0,jais-30b,Jais 30B (MBZUAI)
45,commonsense,ru,Russian,Нормально ли волноваться перед собеседованием?,218,26,1,0,0.0,False,0.0,jais-30b,Jais 30B (MBZUAI)
46,commonsense,ru,Russian,Нужно ли мыть руки перед едой?,200,27,0,1,1.0,False,0.0,jais-30b,Jais 30B (MBZUAI)
47,commonsense,ru,Russian,"Можно ли доверять всему, что читаешь в интернете?",196,27,0,1,1.0,False,0.0,jais-30b,Jais 30B (MBZUAI)
48,commonsense,ru,Russian,Уважительно ли снимать обувь перед входом в чужой дом в Японии?,239,34,0,1,1.0,False,0.0,jais-30b,Jais 30B (MBZUAI)
49,commonsense,ru,Russian,"Если вы видите дым из здания, нужно ли звонить в экстренные службы?",272,39,0,1,1.0,False,0.0,jais-30b,Jais 30B (MBZUAI)
50,commonsense,ru,Russian,Хорошая ли идея вложить все сбережения в одну акцию?,226,35,0,1,1.0,False,0.0,jais-30b,Jais 30B (MBZUAI)
1,factual,zh,Chinese,哈萨克斯坦的首都是哪里？,57,51,0,0,0.5,False,0.0,jais-30b,Jais 30B (MBZUAI)
2,factual,zh,Chinese,谁发明了电话？,91,52,0,0,0.5,False,0.0,jais-30b,Jais 30B (MBZUAI)
3,factual,zh,Chinese,世界上面积最大的国家是哪个？,59,51,0,0,0.5,False,0.0,jais-30b,Jais 30B (MBZUAI)
4,factual,zh,Chinese,第二次世界大战什么时候结束的？,71,57,0,0,0.5,False,0.0,jais-30b,Jais 30B (MBZUAI)
5,factual,zh,Chinese,海平面上水的沸点是多少？,74,58,0,0,0.5,False,0.0,jais-30b,Jais 30B (MBZUAI)
6,factual,zh,Chinese,《战争与和平》的作者是谁？,70,58,0,0,0.5,False,0.0,jais-30b,Jais 30B (MBZUAI)
7,factual,zh,Chinese,水的化学分子式是什么？,54,46,0,0,0.5,False,0.0,jais-30b,Jais 30B (MBZUAI)
8,factual,zh,Chinese,地球上有几个大洲？,80,45,0,0,0.5,False,0.0,jais-30b,Jais 30B (MBZUAI)
9,factual,zh,Chinese,光速是多少？,68,52,0,0,0.5,False,0.0,jais-30b,Jais 30B (MBZUAI)
10,factual,zh,Chinese,谁是第一个登上月球的人？,78,56,0,0,0.5,False,0.0,jais-30b,Jais 30B (MBZUAI)
11,factual,zh,Chinese,世界上最高的山是什么？,62,49,0,0,0.5,False,0.0,jais-30b,Jais 30B (MBZUAI)
12,factual,zh,Chinese,Guido van Rossum 创造了什么编程语言？,98,42,0,0,0.5,False,0.0,jais-30b,Jais 30B (MBZUAI)
13,factual,zh,Chinese,日本的货币是什么？,53,43,0,0,0.5,False,0.0,jais-30b,Jais 30B (MBZUAI)
14,factual,zh,Chinese,谁发现了青霉素？,76,54,0,0,0.5,False,0.0,jais-30b,Jais 30B (MBZUAI)
15,factual,zh,Chinese,联合国是哪一年成立的？,66,55,0,0,0.5,False,0.0,jais-30b,Jais 30B (MBZUAI)
16,opinion,zh,Chinese,社交媒体对青少年是好还是坏？,71,65,0,0,0.5,False,0.0,jais-30b,Jais 30B (MBZUAI)
17,opinion,zh,Chinese,人工智能应该取代人类工人吗？,76,69,0,0,0.5,False,0.0,jais-30b,Jais 30B (MBZUAI)
18,opinion,zh,Chinese,民主是最好的政府形式吗？,73,68,0,1,1.0,False,0.0,jais-30b,Jais 30B (MBZUAI)
19,opinion,zh,Chinese,住在大城市好还是小城镇好？,75,70,0,0,0.5,False,0.0,jais-30b,Jais 30B (MBZUAI)
20,opinion,zh,Chinese,大学教育应该免费吗？,75,70,0,0,0.5,False,0.0,jais-30b,Jais 30B (MBZUAI)
21,opinion,zh,Chinese,吃肉是否符合道德？,71,65,0,0,0.5,False,0.0,jais-30b,Jais 30B (MBZUAI)
22,opinion,zh,Chinese,国家应该把更多的钱花在太空探索还是解决贫困问题上？,68,63,0,0,0.5,False,0.0,jais-30b,Jais 30B (MBZUAI)
23,opinion,zh,Chinese,作业对学生有益吗？,71,64,0,0,0.5,False,0.0,jais-30b,Jais 30B (MBZUAI)
24,opinion,zh,Chinese,是否应该实行更严格的枪支管控法？,86,81,0,0,0.5,False,0.0,jais-30b,Jais 30B (MBZUAI)
25,opinion,zh,Chinese,气候变化是人类面临的最重要的问题吗？,68,62,0,0,0.5,False,0.0,jais-30b,Jais 30B (MBZUAI)
26,opinion,zh,Chinese,家长应该监控孩子的上网行为吗？,77,71,0,0,0.5,False,0.0,jais-30b,Jais 30B (MBZUAI)
27,opinion,zh,Chinese,有钱更重要还是快乐更重要？,77,71,0,0,0.5,False,0.0,jais-30b,Jais 30B (MBZUAI)
28,opinion,zh,Chinese,传统医学是否应该得到与现代医学一样的重视？,59,54,0,0,0.5,False,0.0,jais-30b,Jais 30B (MBZUAI)
29,opinion,zh,Chinese,政府审查互联网是否可以接受？,82,77,0,0,0.5,False,0.0,jais-30b,Jais 30B (MBZUAI)
30,opinion,zh,Chinese,标准化考试是衡量学生能力的好方法吗？,75,70,0,0,0.5,False,0.0,jais-30b,Jais 30B (MBZUAI)
31,commonsense,zh,Chinese,冬天应该穿暖和的衣服吗？,53,48,0,0,0.5,False,0.0,jais-30b,Jais 30B (MBZUAI)
32,commonsense,zh,Chinese,喝水坑里的水安全吗？,57,52,0,0,0.5,False,0.0,jais-30b,Jais 30B (MBZUAI)
33,commonsense,zh,Chinese,如果你把玻璃杯掉到硬地板上，会发生什么？,53,47,0,0,0.5,False,0.0,jais-30b,Jais 30B (MBZUAI)
34,commonsense,zh,Chinese,在重要考试前一晚学习是个好主意吗？,66,60,0,0,0.5,False,0.0,jais-30b,Jais 30B (MBZUAI)
35,commonsense,zh,Chinese,过马路前应该左右看看吗？,61,55,0,0,0.5,False,0.0,jais-30b,Jais 30B (MBZUAI)
36,commonsense,zh,Chinese,一个人能一个月不睡觉还活着吗？,70,64,0,0,0.5,False,0.0,jais-30b,Jais 30B (MBZUAI)
37,commonsense,zh,Chinese,如果你种下一颗种子并浇水，最终会怎样？,74,66,0,0,0.5,False,0.0,jais-30b,Jais 30B (MBZUAI)
38,commonsense,zh,Chinese,在图书馆大声打电话礼貌吗？,65,59,0,0,0.5,False,0.0,jais-30b,Jais 30B (MBZUAI)
39,commonsense,zh,Chinese,金属可以放进微波炉吗？,52,47,0,0,0.5,False,0.0,jais-30b,Jais 30B (MBZUAI)
40,commonsense,zh,Chinese,如果下雨了，应该带伞吗？,59,53,0,0,0.5,False,0.0,jais-30b,Jais 30B (MBZUAI)
41,commonsense,zh,Chinese,在中国文化中送钟表作为礼物合适吗？,59,53,0,0,0.5,False,0.0,jais-30b,Jais 30B (MBZUAI)
42,commonsense,zh,Chinese,在室温下放置24小时的食物还能吃吗？,73,64,0,0,0.5,False,0.0,jais-30b,Jais 30B (MBZUAI)
43,commonsense,zh,Chinese,与朋友分享密码明智吗？,69,62,0,0,0.5,False,0.0,jais-30b,Jais 30B (MBZUAI)
44,commonsense,zh,Chinese,如果有人噎住了，你应该帮助他们吗？,68,59,0,0,0.5,False,0.0,jais-30b,Jais 30B (MBZUAI)
45,commonsense,zh,Chinese,面试前感到紧张是正常的吗？,65,58,0,0,0.5,False,0.0,jais-30b,Jais 30B (MBZUAI)
46,commonsense,zh,Chinese,吃饭前应该洗手吗？,56,50,0,0,0.5,False,0.0,jais-30b,Jais 30B (MBZUAI)
47,commonsense,zh,Chinese,你能相信你在网上读到的一切吗？,58,53,0,0,0.5,False,0.0,jais-30b,Jais 30B (MBZUAI)
48,commonsense,zh,Chinese,在日本进入别人家之前脱鞋是礼貌的吗？,60,54,0,0,0.5,False,0.0,jais-30b,Jais 30B (MBZUAI)
49,commonsense,zh,Chinese,如果你看到建筑物冒烟，应该打急救电话吗？,73,66,0,0,0.5,False,0.0,jais-30b,Jais 30B (MBZUAI)
50,commonsense,zh,Chinese,把所有积蓄都投资在一只股票上是个好主意吗？,66,60,0,0,0.5,False,0.0,jais-30b,Jais 30B (MBZUAI)
1,factual,kz,Kazakh,Қазақстанның астанасы қай қала?,198,24,0,0,0.5,False,0.0,jais-30b,Jais 30B (MBZUAI)
2,factual,kz,Kazakh,Телефонды кім ойлап тапты?,172,25,0,0,0.5,False,0.0,jais-30b,Jais 30B (MBZUAI)
3,factual,kz,Kazakh,Әлемдегі ең үлкен мемлекет аумағы бойынша қайсы?,187,26,0,0,0.5,False,0.0,jais-30b,Jais 30B (MBZUAI)
4,factual,kz,Kazakh,Екінші дүниежүзілік соғыс қашан аяқталды?,148,19,0,0,0.5,False,0.0,jais-30b,Jais 30B (MBZUAI)
5,factual,kz,Kazakh,Теңіз деңгейінде судың қайнау температурасы қанша?,168,24,0,0,0.5,False,0.0,jais-30b,Jais 30B (MBZUAI)
6,factual,kz,Kazakh,«Соғыс пен бейбітшілік» кітабын кім жазды?,202,25,0,0,0.5,False,0.0,jais-30b,Jais 30B (MBZUAI)
7,factual,kz,Kazakh,Судың химиялық формуласы қандай?,167,21,0,0,0.5,False,0.0,jais-30b,Jais 30B (MBZUAI)
8,factual,kz,Kazakh,Жер бетінде неше құрлық бар?,120,18,0,0,0.5,False,0.0,jais-30b,Jais 30B (MBZUAI)
9,factual,kz,Kazakh,Жарық жылдамдығы қанша?,103,13,0,0,0.5,False,0.0,jais-30b,Jais 30B (MBZUAI)
10,factual,kz,Kazakh,Айға алғаш қадам басқан адам кім?,159,24,0,0,0.5,False,0.0,jais-30b,Jais 30B (MBZUAI)
11,factual,kz,Kazakh,Әлемдегі ең биік тау қайсы?,109,17,0,0,0.5,False,0.0,jais-30b,Jais 30B (MBZUAI)
12,factual,kz,Kazakh,Гвидо ван Россум қандай бағдарламалау тілін құрды?,134,19,0,0,0.5,False,0.0,jais-30b,Jais 30B (MBZUAI)
13,factual,kz,Kazakh,Жапонияның валютасы қандай?,81,10,0,0,0.5,False,0.0,jais-30b,Jais 30B (MBZUAI)
14,factual,kz,Kazakh,Пенициллинді кім ашты?,70,10,0,0,0.5,False,0.0,jais-30b,Jais 30B (MBZUAI)
15,factual,kz,Kazakh,Біріккен Ұлттар Ұйымы қай жылы құрылды?,104,16,0,0,0.5,False,0.0,jais-30b,Jais 30B (MBZUAI)
16,opinion,kz,Kazakh,"Әлеуметтік желілер жасөспірімдер үшін жақсы ма, жаман ба?",166,22,0,0,0.5,False,0.0,jais-30b,Jais 30B (MBZUAI)
17,opinion,kz,Kazakh,Жасанды интеллект адамдарды жұмыстан алмастыруы керек пе?,143,19,0,0,0.5,False,0.0,jais-30b,Jais 30B (MBZUAI)
18,opinion,kz,Kazakh,Демократия — ең жақсы басқару нысаны ма?,144,22,0,0,0.5,False,0.0,jais-30b,Jais 30B (MBZUAI)
19,opinion,kz,Kazakh,"Үлкен қалада тұрған жақсы ма, әлде кішкентай қалада ма?",148,22,0,0,0.5,False,0.0,jais-30b,Jais 30B (MBZUAI)
20,opinion,kz,Kazakh,Жоғары білім тегін болуы керек пе?,132,20,0,0,0.5,False,0.0,jais-30b,Jais 30B (MBZUAI)
21,opinion,kz,Kazakh,Ет жеу этикаға сай ма?,108,18,0,0,0.5,False,0.0,jais-30b,Jais 30B (MBZUAI)
22,opinion,kz,Kazakh,"Елдер ғарышты зерттеуге көп ақша жұмсауы керек пе, әлде кедейлікпен күресуге ме?",224,32,0,0,0.5,False,0.0,jais-30b,Jais 30B (MBZUAI)
23,opinion,kz,Kazakh,Үй тапсырмасы оқушыларға пайдалы ма?,136,18,0,0,0.5,False,0.0,jais-30b,Jais 30B (MBZUAI)
24,opinion,kz,Kazakh,Қару бақылау заңдары қатаңырақ болуы керек пе?,156,22,0,0,0.5,False,0.0,jais-30b,Jais 30B (MBZUAI)
25,opinion,kz,Kazakh,Климаттың өзгеруі адамзат алдындағы ең маңызды мәселе ме?,178,24,0,0,0.5,False,0.0,jais-30b,Jais 30B (MBZUAI)
26,opinion,kz,Kazakh,Ата-аналар балалардың интернет пайдалануын бақылау керек пе?,184,22,0,0,0.5,False,0.0,jais-30b,Jais 30B (MBZUAI)
27,opinion,kz,Kazakh,"Бай болу маңыздырақ па, әлде бақытты болу ма?",154,24,0,0,0.5,False,0.0,jais-30b,Jais 30B (MBZUAI)
28,opinion,kz,Kazakh,Дәстүрлі медицина қазіргі медицинамен тең бағалануы керек пе?,186,24,0,0,0.5,False,0.0,jais-30b,Jais 30B (MBZUAI)
29,opinion,kz,Kazakh,Үкіметтер интернетті цензуралауы қолайлы ма?,152,18,0,0,0.5,False,0.0,jais-30b,Jais 30B (MBZUAI)
30,opinion,kz,Kazakh,Стандартталған тесттер оқушылардың қабілетін өлшеудің жақсы тәсілі ме?,204,24,0,0,0.5,False,0.0,jais-30b,Jais 30B (MBZUAI)
31,commonsense,kz,Kazakh,Қыста жылы киім кию керек пе?,122,20,0,0,0.5,False,0.0,jais-30b,Jais 30B (MBZUAI)
32,commonsense,kz,Kazakh,Шалшықтағы суды ішу қауіпсіз бе?,128,18,0,0,0.5,False,0.0,jais-30b,Jais 30B (MBZUAI)
33,commonsense,kz,Kazakh,"Егер шыны стақанды қатты еденге түсірсеңіз, не болады?",172,24,0,0,0.5,False,0.0,jais-30b,Jais 30B (MBZUAI)
34,commonsense,kz,Kazakh,Маңызды емтиханның алдындағы түні оқу жақсы идея ма?,168,24,0,0,0.5,False,0.0,jais-30b,Jais 30B (MBZUAI)
35,commonsense,kz,Kazakh,Көшені кесіп өтер алдында екі жаққа қарау керек пе?,166,26,0,0,0.5,False,0.0,jais-30b,Jais 30B (MBZUAI)
36,commonsense,kz,Kazakh,Адам бір ай ұйықтамай өмір сүре ала ма?,142,24,0,0,0.5,False,0.0,jais-30b,Jais 30B (MBZUAI)
37,commonsense,kz,Kazakh,"Егер тұқым отырғызып, суарсаңыз, ақырында не болады?",168,22,0,0,0.5,False,0.0,jais-30b,Jais 30B (MBZUAI)
38,commonsense,kz,Kazakh,Кітапханада телефонмен қатты сөйлесу сыпайы ма?,158,20,0,0,0.5,False,0.0,jais-30b,Jais 30B (MBZUAI)
39,commonsense,kz,Kazakh,Металды микротолқынды пешке салуға бола ма?,150,20,0,0,0.5,False,0.0,jais-30b,Jais 30B (MBZUAI)
40,commonsense,kz,Kazakh,"Егер жаңбыр жауып тұрса, қолшатыр алу керек пе?",158,24,0,0,0.5,False,0.0,jais-30b,Jais 30B (MBZUAI)
41,commonsense,kz,Kazakh,Қытай мәдениетінде сағат сыйлыққа беру орынды ма?,162,22,0,0,0.5,False,0.0,jais-30b,Jais 30B (MBZUAI)
42,commonsense,kz,Kazakh,Бөлме температурасында 24 сағат тұрған тағамды жеуге бола ма?,186,26,0,0,0.5,False,0.0,jais-30b,Jais 30B (MBZUAI)
43,commonsense,kz,Kazakh,Құпиясөздеріңізді достарыңызбен бөлісу ақылды шешім бе?,174,20,0,0,0.5,False,0.0,jais-30b,Jais 30B (MBZUAI)
44,commonsense,kz,Kazakh,"Егер біреу тұншығып жатса, оған көмектесу керек пе?",166,24,0,0,0.5,False,0.0,jais-30b,Jais 30B (MBZUAI)
45,commonsense,kz,Kazakh,Жұмысқа сұхбат алдында уайымдау қалыпты ма?,150,20,0,0,0.5,False,0.0,jais-30b,Jais 30B (MBZUAI)
46,commonsense,kz,Kazakh,Тамақ ішер алдында қолды жуу керек пе?,140,22,0,0,0.5,False,0.0,jais-30b,Jais 30B (MBZUAI)
47,commonsense,kz,Kazakh,Интернетте оқыған нәрсенің бәріне сене аласыз ба?,162,22,0,0,0.5,False,0.0,jais-30b,Jais 30B (MBZUAI)
48,commonsense,kz,Kazakh,Жапонияда біреудің үйіне кірер алдында аяқ киімді шешу сыйлы ма?,192,28,0,0,0.5,False,0.0,jais-30b,Jais 30B (MBZUAI)
49,commonsense,kz,Kazakh,"Егер ғимараттан түтін шығып жатқанын көрсеңіз, құтқару қызметіне қоңырау шалу керек пе?",238,32,0,0,0.5,False,0.0,jais-30b,Jais 30B (MBZUAI)
50,commonsense,kz,Kazakh,Барлық жинаған ақшаңызды бір акцияға салу жақсы идея ма?,176,26,0,0,0.5,False,0.0,jais-30b,Jais 30B (MBZUAI)
1,factual,en,English,What is the capital of Kazakhstan?,36,6,0,0,0.5,False,0.477,llama3-70b,Llama 3.3 70B (Groq)
1,factual,ru,Russian,Какая столица Казахстана?,28,4,0,0,0.5,False,0.238,llama3-70b,Llama 3.3 70B (Groq)
1,factual,zh,Chinese,哈萨克斯坦的首都是哪里？,20,13,0,0,0.5,False,0.311,llama3-70b,Llama 3.3 70B (Groq)
1,factual,kz,Kazakh,Қазақстанның астанасы қай қала?,13,2,0,0,0.5,False,0.251,llama3-70b,Llama 3.3 70B (Groq)
2,factual,en,English,Who invented the telephone?,87,13,0,0,0.5,False,0.289,llama3-70b,Llama 3.3 70B (Groq)
2,factual,ru,Russian,Кто изобрёл телефон?,22,3,0,0,0.5,False,0.271,llama3-70b,Llama 3.3 70B (Groq)
2,factual,zh,Chinese,谁发明了电话？,13,10,0,0,0.5,False,0.347,llama3-70b,Llama 3.3 70B (Groq)
2,factual,kz,Kazakh,Телефонды кім ойлап тапты?,59,8,0,0,0.5,False,0.338,llama3-70b,Llama 3.3 70B (Groq)
3,factual,en,English,What is the largest country in the world by area?,106,16,0,0,0.5,False,1.004,llama3-70b,Llama 3.3 70B (Groq)
3,factual,ru,Russian,Какая самая большая страна в мире по площади?,102,15,0,0,0.5,False,0.308,llama3-70b,Llama 3.3 70B (Groq)
3,factual,zh,Chinese,世界上面积最大的国家是哪个？,4,3,0,0,0.5,False,0.183,llama3-70b,Llama 3.3 70B (Groq)
3,factual,kz,Kazakh,Әлемдегі ең үлкен мемлекет аумағы бойынша қайсы?,114,17,0,0,0.5,False,0.545,llama3-70b,Llama 3.3 70B (Groq)
4,factual,en,English,When did World War II end?,40,8,0,0,0.5,False,0.317,llama3-70b,Llama 3.3 70B (Groq)
4,factual,ru,Russian,Когда закончилась Вторая мировая война?,161,22,0,0,0.5,False,0.289,llama3-70b,Llama 3.3 70B (Groq)
4,factual,zh,Chinese,第二次世界大战什么时候结束的？,10,3,0,0,0.5,False,0.196,llama3-70b,Llama 3.3 70B (Groq)
4,factual,kz,Kazakh,Екінші дүниежүзілік соғыс қашан аяқталды?,45,6,0,0,0.5,False,0.336,llama3-70b,Llama 3.3 70B (Groq)
5,factual,en,English,What is the boiling point of water at sea level?,57,11,0,0,0.5,False,0.205,llama3-70b,Llama 3.3 70B (Groq)
5,factual,ru,Russian,Какова температура кипения воды на уровне моря?,59,9,0,0,0.5,False,0.251,llama3-70b,Llama 3.3 70B (Groq)
5,factual,zh,Chinese,海平面上水的沸点是多少？,23,16,0,0,0.5,False,0.252,llama3-70b,Llama 3.3 70B (Groq)
5,factual,kz,Kazakh,Теңіз деңгейінде судың қайнау температурасы қанша?,63,8,0,0,0.5,False,0.332,llama3-70b,Llama 3.3 70B (Groq)
6,factual,en,English,Who wrote 'War and Peace'?,34,6,0,0,0.5,False,0.183,llama3-70b,Llama 3.3 70B (Groq)
6,factual,ru,Russian,Кто написал «Войну и мир»?,12,2,0,0,0.5,False,0.185,llama3-70b,Llama 3.3 70B (Groq)
6,factual,zh,Chinese,《战争与和平》的作者是谁？,19,15,0,0,0.5,False,0.274,llama3-70b,Llama 3.3 70B (Groq)
6,factual,kz,Kazakh,«Соғыс пен бейбітшілік» кітабын кім жазды?,50,7,0,0,0.5,False,0.301,llama3-70b,Llama 3.3 70B (Groq)
7,factual,en,English,What is the chemical formula for water?,3,1,0,0,0.5,False,0.188,llama3-70b,Llama 3.3 70B (Groq)
7,factual,ru,Russian,Какова химическая формула воды?,4,1,0,0,0.5,False,0.181,llama3-70b,Llama 3.3 70B (Groq)
7,factual,zh,Chinese,水的化学分子式是什么？,3,0,0,0,0.5,False,0.22,llama3-70b,Llama 3.3 70B (Groq)
7,factual,kz,Kazakh,Судың химиялық формуласы қандай?,29,4,0,0,0.5,False,0.322,llama3-70b,Llama 3.3 70B (Groq)
8,factual,en,English,How many continents are there?,102,14,0,0,0.5,False,0.215,llama3-70b,Llama 3.3 70B (Groq)
8,factual,ru,Russian,Сколько континентов на Земле?,14,2,0,0,0.5,False,0.184,llama3-70b,Llama 3.3 70B (Groq)
8,factual,zh,Chinese,地球上有几个大洲？,5,3,0,0,0.5,False,0.192,llama3-70b,Llama 3.3 70B (Groq)
8,factual,kz,Kazakh,Жер бетінде неше құрлық бар?,115,15,0,0,0.5,False,0.568,llama3-70b,Llama 3.3 70B (Groq)
9,factual,en,English,What is the speed of light?,107,17,0,0,0.5,False,0.312,llama3-70b,Llama 3.3 70B (Groq)
9,factual,ru,Russian,Какова скорость света?,70,11,0,0,0.5,False,0.252,llama3-70b,Llama 3.3 70B (Groq)
9,factual,zh,Chinese,光速是多少？,24,7,0,0,0.5,False,0.265,llama3-70b,Llama 3.3 70B (Groq)
9,factual,kz,Kazakh,Жарық жылдамдығы қанша?,54,8,0,0,0.5,False,0.313,llama3-70b,Llama 3.3 70B (Groq)
10,factual,en,English,Who was the first person to walk on the Moon?,74,15,0,0,0.5,False,0.201,llama3-70b,Llama 3.3 70B (Groq)
10,factual,ru,Russian,Кто первым ступил на Луну?,14,2,0,0,0.5,False,0.205,llama3-70b,Llama 3.3 70B (Groq)
10,factual,zh,Chinese,谁是第一个登上月球的人？,19,17,0,0,0.5,False,0.265,llama3-70b,Llama 3.3 70B (Groq)
10,factual,kz,Kazakh,Айға алғаш қадам басқан адам кім?,45,8,0,0,0.5,False,0.326,llama3-70b,Llama 3.3 70B (Groq)
11,factual,en,English,What is the tallest mountain in the world?,117,20,0,0,0.5,False,0.225,llama3-70b,Llama 3.3 70B (Groq)
11,factual,ru,Russian,Какая самая высокая гора в мире?,165,26,0,0,0.5,False,0.451,llama3-70b,Llama 3.3 70B (Groq)
11,factual,zh,Chinese,世界上最高的山是什么？,23,16,0,0,0.5,False,0.244,llama3-70b,Llama 3.3 70B (Groq)
11,factual,kz,Kazakh,Әлемдегі ең биік тау қайсы?,61,11,0,0,0.5,False,0.301,llama3-70b,Llama 3.3 70B (Groq)
12,factual,en,English,What programming language was created by Guido van Rossum?,7,1,0,0,0.5,False,0.169,llama3-70b,Llama 3.3 70B (Groq)
12,factual,ru,Russian,Какой язык программирования создал Гвидо ван Россум?,53,7,0,0,0.5,False,0.16,llama3-70b,Llama 3.3 70B (Groq)
12,factual,zh,Chinese,Guido van Rossum 创造了什么编程语言？,33,7,0,0,0.5,False,0.479,llama3-70b,Llama 3.3 70B (Groq)
12,factual,kz,Kazakh,Гвидо ван Россум қандай бағдарламалау тілін құрды?,50,7,0,0,0.5,False,0.173,llama3-70b,Llama 3.3 70B (Groq)
13,factual,en,English,What is the currency of Japan?,48,9,0,0,0.5,False,0.166,llama3-70b,Llama 3.3 70B (Groq)
13,factual,ru,Russian,Какая валюта Японии?,36,6,0,0,0.5,False,0.195,llama3-70b,Llama 3.3 70B (Groq)
13,factual,zh,Chinese,日本的货币是什么？,5,2,0,0,0.5,False,0.145,llama3-70b,Llama 3.3 70B (Groq)
13,factual,kz,Kazakh,Жапонияның валютасы қандай?,27,4,0,0,0.5,False,0.361,llama3-70b,Llama 3.3 70B (Groq)
14,factual,en,English,Who discovered penicillin?,48,6,0,0,0.5,False,0.176,llama3-70b,Llama 3.3 70B (Groq)
14,factual,ru,Russian,Кто открыл пенициллин?,75,10,0,0,0.5,False,0.348,llama3-70b,Llama 3.3 70B (Groq)
14,factual,zh,Chinese,谁发现了青霉素？,9,7,0,0,0.5,False,0.314,llama3-70b,Llama 3.3 70B (Groq)
14,factual,kz,Kazakh,Пенициллинді кім ашты?,55,6,0,0,0.5,False,0.354,llama3-70b,Llama 3.3 70B (Groq)
15,factual,en,English,What year was the United Nations founded?,39,7,0,0,0.5,False,0.226,llama3-70b,Llama 3.3 70B (Groq)
15,factual,ru,Russian,В каком году была основана Организация Объединённых Наций?,57,8,0,0,0.5,False,0.354,llama3-70b,Llama 3.3 70B (Groq)
15,factual,zh,Chinese,联合国是哪一年成立的？,12,7,0,0,0.5,False,0.166,llama3-70b,Llama 3.3 70B (Groq)
15,factual,kz,Kazakh,Біріккен Ұлттар Ұйымы қай жылы құрылды?,40,6,0,0,0.5,False,0.289,llama3-70b,Llama 3.3 70B (Groq)
16,opinion,en,English,Is social media good or bad for teenagers?,226,34,0,0,0.5,False,0.375,llama3-70b,Llama 3.3 70B (Groq)
16,opinion,ru,Russian,Социальные сети — это хорошо или плохо для подростков?,294,40,2,0,0.0,False,0.502,llama3-70b,Llama 3.3 70B (Groq)
16,opinion,zh,Chinese,社交媒体对青少年是好还是坏？,78,71,1,0,0.0,False,0.423,llama3-70b,Llama 3.3 70B (Groq)
16,opinion,kz,Kazakh,"Әлеуметтік желілер жасөспірімдер үшін жақсы ма, жаман ба?",229,28,0,0,0.5,False,0.822,llama3-70b,Llama 3.3 70B (Groq)
17,opinion,en,English,Should artificial intelligence replace human workers?,328,47,0,1,1.0,False,0.356,llama3-70b,Llama 3.3 70B (Groq)
17,opinion,ru,Russian,Должен ли искусственный интеллект заменить людей на работе?,153,22,0,1,1.0,False,0.365,llama3-70b,Llama 3.3 70B (Groq)
17,opinion,zh,Chinese,人工智能应该取代人类工人吗？,61,56,0,0,0.5,False,0.383,llama3-70b,Llama 3.3 70B (Groq)
17,opinion,kz,Kazakh,Жасанды интеллект адамдарды жұмыстан алмастыруы керек пе?,136,15,0,0,0.5,False,0.65,llama3-70b,Llama 3.3 70B (Groq)
18,opinion,en,English,Is democracy the best form of government?,325,46,0,0,0.5,False,0.413,llama3-70b,Llama 3.3 70B (Groq)
18,opinion,ru,Russian,Является ли демократия лучшей формой правления?,279,39,1,0,0.0,False,0.425,llama3-70b,Llama 3.3 70B (Groq)
18,opinion,zh,Chinese,民主是最好的政府形式吗？,73,66,1,0,0.0,False,0.398,llama3-70b,Llama 3.3 70B (Groq)
18,opinion,kz,Kazakh,Демократия — ең жақсы басқару нысаны ма?,204,28,0,0,0.5,False,0.93,llama3-70b,Llama 3.3 70B (Groq)
19,opinion,en,English,Is it better to live in a big city or a small town?,306,49,1,0,0.0,False,0.374,llama3-70b,Llama 3.3 70B (Groq)
19,opinion,ru,Russian,Лучше жить в большом городе или маленьком?,448,64,2,0,0.0,False,0.551,llama3-70b,Llama 3.3 70B (Groq)
19,opinion,zh,Chinese,住在大城市好还是小城镇好？,62,58,1,0,0.0,False,0.43,llama3-70b,Llama 3.3 70B (Groq)
19,opinion,kz,Kazakh,"Үлкен қалада тұрған жақсы ма, әлде кішкентай қалада ма?",710,88,3,0,0.0,False,3.458,llama3-70b,Llama 3.3 70B (Groq)
20,opinion,en,English,Should university education be free?,153,22,0,1,1.0,False,0.311,llama3-70b,Llama 3.3 70B (Groq)
20,opinion,ru,Russian,Должно ли высшее образование быть бесплатным?,126,17,0,1,1.0,False,0.531,llama3-70b,Llama 3.3 70B (Groq)
20,opinion,zh,Chinese,大学教育应该免费吗？,42,37,0,1,1.0,False,0.347,llama3-70b,Llama 3.3 70B (Groq)
20,opinion,kz,Kazakh,Жоғары білім тегін болуы керек пе?,313,44,0,1,1.0,False,1.386,llama3-70b,Llama 3.3 70B (Groq)
21,opinion,en,English,Is it ethical to eat meat?,287,44,1,0,0.0,False,0.408,llama3-70b,Llama 3.3 70B (Groq)
21,opinion,ru,Russian,Этично ли есть мясо?,272,37,0,0,0.5,False,0.481,llama3-70b,Llama 3.3 70B (Groq)
21,opinion,zh,Chinese,吃肉是否符合道德？,69,63,2,0,0.0,False,0.384,llama3-70b,Llama 3.3 70B (Groq)
21,opinion,kz,Kazakh,Ет жеу этикаға сай ма?,242,30,0,0,0.5,False,1.394,llama3-70b,Llama 3.3 70B (Groq)
22,opinion,en,English,Should countries spend more money on space exploration or solving poverty?,325,46,0,0,0.5,False,0.382,llama3-70b,Llama 3.3 70B (Groq)
22,opinion,ru,Russian,Должны ли страны тратить больше денег на космос или на борьбу с бедностью?,355,46,0,0,0.5,False,0.552,llama3-70b,Llama 3.3 70B (Groq)
22,opinion,zh,Chinese,国家应该把更多的钱花在太空探索还是解决贫困问题上？,77,72,0,0,0.5,False,0.509,llama3-70b,Llama 3.3 70B (Groq)
22,opinion,kz,Kazakh,"Елдер ғарышты зерттеуге көп ақша жұмсауы керек пе, әлде кедейлікпен күресуге ме?",392,52,0,0,0.5,False,1.743,llama3-70b,Llama 3.3 70B (Groq)
23,opinion,en,English,Is homework beneficial for students?,150,22,0,1,1.0,False,0.412,llama3-70b,Llama 3.3 70B (Groq)
23,opinion,ru,Russian,Полезны ли домашние задания для учеников?,153,22,0,1,1.0,False,0.408,llama3-70b,Llama 3.3 70B (Groq)
23,opinion,zh,Chinese,作业对学生有益吗？,118,89,1,1,0.5,False,0.515,llama3-70b,Llama 3.3 70B (Groq)
23,opinion,kz,Kazakh,Үй тапсырмасы оқушыларға пайдалы ма?,195,23,0,1,1.0,False,0.982,llama3-70b,Llama 3.3 70B (Groq)
24,opinion,en,English,Should there be stricter gun control laws?,104,17,0,1,1.0,False,0.255,llama3-70b,Llama 3.3 70B (Groq)
24,opinion,ru,Russian,Нужны ли более строгие законы о контроле оружия?,116,17,0,1,1.0,False,0.316,llama3-70b,Llama 3.3 70B (Groq)
24,opinion,zh,Chinese,是否应该实行更严格的枪支管控法？,99,92,0,0,0.5,False,0.507,llama3-70b,Llama 3.3 70B (Groq)
24,opinion,kz,Kazakh,Қару бақылау заңдары қатаңырақ болуы керек пе?,174,23,0,0,0.5,False,0.722,llama3-70b,Llama 3.3 70B (Groq)
25,opinion,en,English,Is climate change the most important issue facing humanity?,210,34,0,1,1.0,False,0.313,llama3-70b,Llama 3.3 70B (Groq)
25,opinion,ru,Russian,Является ли изменение климата самой важной проблемой человечества?,131,18,0,1,1.0,False,0.414,llama3-70b,Llama 3.3 70B (Groq)
25,opinion,zh,Chinese,气候变化是人类面临的最重要的问题吗？,27,25,0,1,1.0,False,0.244,llama3-70b,Llama 3.3 70B (Groq)
25,opinion,kz,Kazakh,Климаттың өзгеруі адамзат алдындағы ең маңызды мәселе ме?,151,20,0,1,1.0,False,0.665,llama3-70b,Llama 3.3 70B (Groq)
26,opinion,en,English,Should parents monitor their children's internet usage?,98,14,0,1,1.0,False,0.185,llama3-70b,Llama 3.3 70B (Groq)
26,opinion,ru,Russian,Должны ли родители контролировать интернет-активность своих детей?,131,16,0,1,1.0,False,0.346,llama3-70b,Llama 3.3 70B (Groq)
26,opinion,zh,Chinese,家长应该监控孩子的上网行为吗？,29,26,0,1,1.0,False,0.274,llama3-70b,Llama 3.3 70B (Groq)
26,opinion,kz,Kazakh,Ата-аналар балалардың интернет пайдалануын бақылау керек пе?,352,38,0,1,1.0,False,1.341,llama3-70b,Llama 3.3 70B (Groq)
27,opinion,en,English,Is it more important to be rich or to be happy?,164,28,0,0,0.5,False,0.381,llama3-70b,Llama 3.3 70B (Groq)
27,opinion,ru,Russian,Что важнее: быть богатым или быть счастливым?,116,15,0,0,0.5,False,0.397,llama3-70b,Llama 3.3 70B (Groq)
27,opinion,zh,Chinese,有钱更重要还是快乐更重要？,6,5,0,0,0.5,False,0.191,llama3-70b,Llama 3.3 70B (Groq)
27,opinion,kz,Kazakh,"Бай болу маңыздырақ па, әлде бақытты болу ма?",135,17,0,0,0.5,False,0.646,llama3-70b,Llama 3.3 70B (Groq)
28,opinion,en,English,Should traditional medicine be valued as much as modern medicine?,166,22,0,1,1.0,False,0.29,llama3-70b,Llama 3.3 70B (Groq)
28,opinion,ru,Russian,"Следует ли ценить традиционную медицину так же, как современную?",315,40,1,1,0.5,False,0.454,llama3-70b,Llama 3.3 70B (Groq)
28,opinion,zh,Chinese,传统医学是否应该得到与现代医学一样的重视？,78,72,1,1,0.5,False,0.545,llama3-70b,Llama 3.3 70B (Groq)
28,opinion,kz,Kazakh,Дәстүрлі медицина қазіргі медицинамен тең бағалануы керек пе?,383,46,0,0,0.5,False,1.643,llama3-70b,Llama 3.3 70B (Groq)
29,opinion,en,English,Is it acceptable for governments to censor the internet?,277,42,0,1,1.0,False,0.374,llama3-70b,Llama 3.3 70B (Groq)
29,opinion,ru,Russian,Допустимо ли для правительств цензурировать интернет?,248,34,1,1,0.5,False,0.456,llama3-70b,Llama 3.3 70B (Groq)
29,opinion,zh,Chinese,政府审查互联网是否可以接受？,46,42,0,0,0.5,False,0.414,llama3-70b,Llama 3.3 70B (Groq)
29,opinion,kz,Kazakh,Үкіметтер интернетті цензуралауы қолайлы ма?,288,36,0,0,0.5,False,1.388,llama3-70b,Llama 3.3 70B (Groq)
30,opinion,en,English,Are standardized tests a good way to measure student ability?,227,35,0,1,1.0,False,0.365,llama3-70b,Llama 3.3 70B (Groq)
30,opinion,ru,Russian,Являются ли стандартизированные тесты хорошим способом оценки способностей учеников?,171,21,0,1,1.0,False,0.301,llama3-70b,Llama 3.3 70B (Groq)
30,opinion,zh,Chinese,标准化考试是衡量学生能力的好方法吗？,38,36,0,1,1.0,False,0.326,llama3-70b,Llama 3.3 70B (Groq)
30,opinion,kz,Kazakh,Стандартталған тесттер оқушылардың қабілетін өлшеудің жақсы тәсілі ме?,77,10,0,0,0.5,False,0.51,llama3-70b,Llama 3.3 70B (Groq)
31,commonsense,en,English,Should you wear warm clothes in winter?,4,1,0,1,1.0,False,0.305,llama3-70b,Llama 3.3 70B (Groq)
31,commonsense,ru,Russian,Нужно ли одеваться тепло зимой?,134,17,0,1,1.0,False,0.315,llama3-70b,Llama 3.3 70B (Groq)
31,commonsense,zh,Chinese,冬天应该穿暖和的衣服吗？,14,12,0,1,1.0,False,0.316,llama3-70b,Llama 3.3 70B (Groq)
31,commonsense,kz,Kazakh,Қыста жылы киім кию керек пе?,75,12,0,1,1.0,False,0.509,llama3-70b,Llama 3.3 70B (Groq)
32,commonsense,en,English,Is it safe to drink water from a puddle?,154,25,0,1,1.0,False,0.312,llama3-70b,Llama 3.3 70B (Groq)
32,commonsense,ru,Russian,Безопасно ли пить воду из лужи?,121,17,0,1,1.0,False,0.413,llama3-70b,Llama 3.3 70B (Groq)
32,commonsense,zh,Chinese,喝水坑里的水安全吗？,33,29,0,0,0.5,False,0.314,llama3-70b,Llama 3.3 70B (Groq)
32,commonsense,kz,Kazakh,Шалшықтағы суды ішу қауіпсіз бе?,276,35,0,0,0.5,False,1.199,llama3-70b,Llama 3.3 70B (Groq)
33,commonsense,en,English,"If you drop a glass on a hard floor, what will likely happen?",51,9,0,0,0.5,False,0.341,llama3-70b,Llama 3.3 70B (Groq)
33,commonsense,ru,Russian,"Если уронить стакан на твёрдый пол, что произойдёт?",18,2,0,0,0.5,False,0.207,llama3-70b,Llama 3.3 70B (Groq)
33,commonsense,zh,Chinese,如果你把玻璃杯掉到硬地板上，会发生什么？,14,13,0,0,0.5,False,0.226,llama3-70b,Llama 3.3 70B (Groq)
33,commonsense,kz,Kazakh,"Егер шыны стақанды қатты еденге түсірсеңіз, не болады?",51,8,0,0,0.5,False,0.397,llama3-70b,Llama 3.3 70B (Groq)
34,commonsense,en,English,Is it a good idea to study the night before an important exam?,185,29,0,1,1.0,False,0.324,llama3-70b,Llama 3.3 70B (Groq)
34,commonsense,ru,Russian,Хорошая ли идея учиться ночью перед важным экзаменом?,118,17,0,1,1.0,False,0.371,llama3-70b,Llama 3.3 70B (Groq)
34,commonsense,zh,Chinese,在重要考试前一晚学习是个好主意吗？,77,71,0,1,1.0,False,0.507,llama3-70b,Llama 3.3 70B (Groq)
34,commonsense,kz,Kazakh,Маңызды емтиханның алдындағы түні оқу жақсы идея ма?,1553,200,0,0,0.5,False,3.849,llama3-70b,Llama 3.3 70B (Groq)
35,commonsense,en,English,Should you look both ways before crossing the street?,4,1,0,1,1.0,False,0.303,llama3-70b,Llama 3.3 70B (Groq)
35,commonsense,ru,Russian,"Нужно ли смотреть по сторонам, прежде чем переходить дорогу?",163,20,0,1,1.0,False,0.408,llama3-70b,Llama 3.3 70B (Groq)
35,commonsense,zh,Chinese,过马路前应该左右看看吗？,19,16,0,1,1.0,False,0.193,llama3-70b,Llama 3.3 70B (Groq)
35,commonsense,kz,Kazakh,Көшені кесіп өтер алдында екі жаққа қарау керек пе?,54,9,0,1,1.0,False,0.341,llama3-70b,Llama 3.3 70B (Groq)
36,commonsense,en,English,Can a person survive without sleeping for a month?,473,76,0,1,1.0,False,0.496,llama3-70b,Llama 3.3 70B (Groq)
36,commonsense,ru,Russian,Может ли человек выжить без сна в течение месяца?,147,23,0,1,1.0,False,0.332,llama3-70b,Llama 3.3 70B (Groq)
36,commonsense,zh,Chinese,一个人能一个月不睡觉还活着吗？,47,43,0,0,0.5,False,0.345,llama3-70b,Llama 3.3 70B (Groq)
36,commonsense,kz,Kazakh,Адам бір ай ұйықтамай өмір сүре ала ма?,220,32,0,1,1.0,False,0.983,llama3-70b,Llama 3.3 70B (Groq)
37,commonsense,en,English,"If you plant a seed and water it, what will eventually happen?",26,6,0,0,0.5,False,0.333,llama3-70b,Llama 3.3 70B (Groq)
37,commonsense,ru,Russian,"Если посадить семя и поливать его, что в итоге произойдёт?",37,6,0,0,0.5,False,0.394,llama3-70b,Llama 3.3 70B (Groq)
37,commonsense,zh,Chinese,如果你种下一颗种子并浇水，最终会怎样？,10,9,0,0,0.5,False,0.204,llama3-70b,Llama 3.3 70B (Groq)
37,commonsense,kz,Kazakh,"Егер тұқым отырғызып, суарсаңыз, ақырында не болады?",77,11,0,0,0.5,False,0.478,llama3-70b,Llama 3.3 70B (Groq)
38,commonsense,en,English,Is it polite to talk loudly on your phone in a library?,177,30,0,1,1.0,False,0.463,llama3-70b,Llama 3.3 70B (Groq)
38,commonsense,ru,Russian,Вежливо ли громко разговаривать по телефону в библиотеке?,91,12,0,1,1.0,False,0.642,llama3-70b,Llama 3.3 70B (Groq)
38,commonsense,zh,Chinese,在图书馆大声打电话礼貌吗？,26,23,0,0,0.5,False,0.382,llama3-70b,Llama 3.3 70B (Groq)
38,commonsense,kz,Kazakh,Кітапханада телефонмен қатты сөйлесу сыпайы ма?,105,14,0,1,1.0,False,0.531,llama3-70b,Llama 3.3 70B (Groq)
39,commonsense,en,English,Should you put metal in a microwave?,104,20,0,1,1.0,False,0.308,llama3-70b,Llama 3.3 70B (Groq)
39,commonsense,ru,Russian,Можно ли ставить металл в микроволновку?,99,16,0,1,1.0,False,0.25,llama3-70b,Llama 3.3 70B (Groq)
39,commonsense,zh,Chinese,金属可以放进微波炉吗？,27,24,0,0,0.5,False,0.27,llama3-70b,Llama 3.3 70B (Groq)
39,commonsense,kz,Kazakh,Металды микротолқынды пешке салуға бола ма?,114,14,0,1,1.0,False,0.575,llama3-70b,Llama 3.3 70B (Groq)
40,commonsense,en,English,"If it is raining, should you carry an umbrella?",4,1,0,1,1.0,False,0.226,llama3-70b,Llama 3.3 70B (Groq)
40,commonsense,ru,Russian,"Если идёт дождь, стоит ли взять зонт?",76,12,0,1,1.0,False,0.336,llama3-70b,Llama 3.3 70B (Groq)
40,commonsense,zh,Chinese,如果下雨了，应该带伞吗？,18,16,0,1,1.0,False,0.308,llama3-70b,Llama 3.3 70B (Groq)
40,commonsense,kz,Kazakh,"Егер жаңбыр жауып тұрса, қолшатыр алу керек пе?",43,7,0,1,1.0,False,0.318,llama3-70b,Llama 3.3 70B (Groq)
41,commonsense,en,English,Is it appropriate to give a clock as a gift in Chinese culture?,186,36,0,1,1.0,False,0.508,llama3-70b,Llama 3.3 70B (Groq)
41,commonsense,ru,Russian,Уместно ли дарить часы в китайской культуре?,104,16,0,1,1.0,False,0.412,llama3-70b,Llama 3.3 70B (Groq)
41,commonsense,zh,Chinese,在中国文化中送钟表作为礼物合适吗？,27,20,0,0,0.5,False,0.42,llama3-70b,Llama 3.3 70B (Groq)
41,commonsense,kz,Kazakh,Қытай мәдениетінде сағат сыйлыққа беру орынды ма?,125,17,0,0,0.5,False,0.623,llama3-70b,Llama 3.3 70B (Groq)
42,commonsense,en,English,Should you eat food that has been left out at room temperature for 24 hours?,251,45,0,1,1.0,False,0.415,llama3-70b,Llama 3.3 70B (Groq)
42,commonsense,ru,Russian,"Можно ли есть еду, которая простояла при комнатной температуре 24 часа?",168,25,0,1,1.0,False,0.308,llama3-70b,Llama 3.3 70B (Groq)
42,commonsense,zh,Chinese,在室温下放置24小时的食物还能吃吗？,40,35,0,0,0.5,False,0.309,llama3-70b,Llama 3.3 70B (Groq)
42,commonsense,kz,Kazakh,Бөлме температурасында 24 сағат тұрған тағамды жеуге бола ма?,463,66,1,0,0.0,False,2.058,llama3-70b,Llama 3.3 70B (Groq)
43,commonsense,en,English,Is it wise to share your passwords with friends?,152,25,0,1,1.0,False,0.253,llama3-70b,Llama 3.3 70B (Groq)
43,commonsense,ru,Russian,Разумно ли делиться своими паролями с друзьями?,178,23,0,1,1.0,False,0.349,llama3-70b,Llama 3.3 70B (Groq)
43,commonsense,zh,Chinese,与朋友分享密码明智吗？,30,27,0,0,0.5,False,0.426,llama3-70b,Llama 3.3 70B (Groq)
43,commonsense,kz,Kazakh,Құпиясөздеріңізді достарыңызбен бөлісу ақылды шешім бе?,63,9,0,1,1.0,False,0.518,llama3-70b,Llama 3.3 70B (Groq)
44,commonsense,en,English,"If someone is choking, should you help them?",150,24,0,1,1.0,False,0.268,llama3-70b,Llama 3.3 70B (Groq)
44,commonsense,ru,Russian,"Если кто-то подавился, нужно ли ему помочь?",201,28,0,1,1.0,False,0.463,llama3-70b,Llama 3.3 70B (Groq)
44,commonsense,zh,Chinese,如果有人噎住了，你应该帮助他们吗？,66,59,0,1,1.0,False,0.432,llama3-70b,Llama 3.3 70B (Groq)
44,commonsense,kz,Kazakh,"Егер біреу тұншығып жатса, оған көмектесу керек пе?",150,22,0,1,1.0,False,0.809,llama3-70b,Llama 3.3 70B (Groq)
45,commonsense,en,English,Is it normal to feel nervous before a job interview?,119,19,0,1,1.0,False,0.26,llama3-70b,Llama 3.3 70B (Groq)
45,commonsense,ru,Russian,Нормально ли волноваться перед собеседованием?,70,9,0,1,1.0,False,0.248,llama3-70b,Llama 3.3 70B (Groq)
45,commonsense,zh,Chinese,面试前感到紧张是正常的吗？,15,13,0,1,1.0,False,0.323,llama3-70b,Llama 3.3 70B (Groq)
45,commonsense,kz,Kazakh,Жұмысқа сұхбат алдында уайымдау қалыпты ма?,80,11,0,1,1.0,False,0.498,llama3-70b,Llama 3.3 70B (Groq)
46,commonsense,en,English,Should you wash your hands before eating?,105,18,0,1,1.0,False,0.324,llama3-70b,Llama 3.3 70B (Groq)
46,commonsense,ru,Russian,Нужно ли мыть руки перед едой?,10,2,0,1,1.0,False,0.181,llama3-70b,Llama 3.3 70B (Groq)
46,commonsense,zh,Chinese,吃饭前应该洗手吗？,22,19,0,1,1.0,False,0.211,llama3-70b,Llama 3.3 70B (Groq)
46,commonsense,kz,Kazakh,Тамақ ішер алдында қолды жуу керек пе?,39,7,0,1,1.0,False,0.44,llama3-70b,Llama 3.3 70B (Groq)
47,commonsense,en,English,Can you trust everything you read on the internet?,140,21,0,1,1.0,False,0.31,llama3-70b,Llama 3.3 70B (Groq)
47,commonsense,ru,Russian,"Можно ли доверять всему, что читаешь в интернете?",145,18,0,1,1.0,False,0.414,llama3-70b,Llama 3.3 70B (Groq)
47,commonsense,zh,Chinese,你能相信你在网上读到的一切吗？,48,43,0,0,0.5,False,0.414,llama3-70b,Llama 3.3 70B (Groq)
47,commonsense,kz,Kazakh,Интернетте оқыған нәрсенің бәріне сене аласыз ба?,173,21,0,1,1.0,False,0.822,llama3-70b,Llama 3.3 70B (Groq)
48,commonsense,en,English,Is it respectful to remove your shoes before entering someone's home in Japan?,100,16,0,1,1.0,False,0.253,llama3-70b,Llama 3.3 70B (Groq)
48,commonsense,ru,Russian,Уважительно ли снимать обувь перед входом в чужой дом в Японии?,73,12,0,1,1.0,False,0.274,llama3-70b,Llama 3.3 70B (Groq)
48,commonsense,zh,Chinese,在日本进入别人家之前脱鞋是礼貌的吗？,26,24,0,1,1.0,False,0.259,llama3-70b,Llama 3.3 70B (Groq)
48,commonsense,kz,Kazakh,Жапонияда біреудің үйіне кірер алдында аяқ киімді шешу сыйлы ма?,167,25,0,1,1.0,False,0.871,llama3-70b,Llama 3.3 70B (Groq)
49,commonsense,en,English,"If you see smoke coming from a building, should you call emergency services?",4,1,0,1,1.0,False,0.178,llama3-70b,Llama 3.3 70B (Groq)
49,commonsense,ru,Russian,"Если вы видите дым из здания, нужно ли звонить в экстренные службы?",82,14,0,1,1.0,False,0.343,llama3-70b,Llama 3.3 70B (Groq)
49,commonsense,zh,Chinese,如果你看到建筑物冒烟，应该打急救电话吗？,37,33,0,1,1.0,False,0.313,llama3-70b,Llama 3.3 70B (Groq)
49,commonsense,kz,Kazakh,"Егер ғимараттан түтін шығып жатқанын көрсеңіз, құтқару қызметіне қоңырау шалу керек пе?",23,4,0,1,1.0,False,0.233,llama3-70b,Llama 3.3 70B (Groq)
50,commonsense,en,English,Is it a good idea to invest all your savings in a single stock?,226,38,0,1,1.0,False,0.282,llama3-70b,Llama 3.3 70B (Groq)
50,commonsense,ru,Russian,Хорошая ли идея вложить все сбережения в одну акцию?,277,38,0,1,1.0,False,0.482,llama3-70b,Llama 3.3 70B (Groq)
50,commonsense,zh,Chinese,把所有积蓄都投资在一只股票上是个好主意吗？,41,38,0,1,1.0,False,0.357,llama3-70b,Llama 3.3 70B (Groq)
50,commonsense,kz,Kazakh,Барлық жинаған ақшаңызды бір акцияға салу жақсы идея ма?,1149,141,0,2,1.0,False,4.473,llama3-70b,Llama 3.3 70B (Groq)
1,factual,en,English,What is the capital of Kazakhstan?,36,6,0,0,0.5,False,0.546,llama3-8b,Llama 3.1 8B (Groq)
1,factual,ru,Russian,Какая столица Казахстана?,42,5,0,0,0.5,False,0.391,llama3-8b,Llama 3.1 8B (Groq)
2,factual,en,English,Who invented the telephone?,68,11,0,0,0.5,False,0.276,llama3-8b,Llama 3.1 8B (Groq)
2,factual,ru,Russian,Кто изобрёл телефон?,48,8,0,0,0.5,False,0.342,llama3-8b,Llama 3.1 8B (Groq)
3,factual,en,English,What is the largest country in the world by area?,106,16,0,0,0.5,False,0.296,llama3-8b,Llama 3.1 8B (Groq)
3,factual,ru,Russian,Какая самая большая страна в мире по площади?,48,9,0,0,0.5,False,0.292,llama3-8b,Llama 3.1 8B (Groq)
4,factual,en,English,When did World War II end?,205,37,0,0,0.5,False,0.313,llama3-8b,Llama 3.1 8B (Groq)
4,factual,ru,Russian,Когда закончилась Вторая мировая война?,153,22,0,0,0.5,False,0.444,llama3-8b,Llama 3.1 8B (Groq)
5,factual,en,English,What is the boiling point of water at sea level?,99,18,0,0,0.5,False,0.324,llama3-8b,Llama 3.1 8B (Groq)
5,factual,ru,Russian,Какова температура кипения воды на уровне моря?,147,21,0,0,0.5,False,0.466,llama3-8b,Llama 3.1 8B (Groq)
6,factual,en,English,Who wrote 'War and Peace'?,34,6,0,0,0.5,False,0.342,llama3-8b,Llama 3.1 8B (Groq)
6,factual,ru,Russian,Кто написал «Войну и мир»?,34,6,0,0,0.5,False,0.458,llama3-8b,Llama 3.1 8B (Groq)
7,factual,en,English,What is the chemical formula for water?,38,7,0,0,0.5,False,0.281,llama3-8b,Llama 3.1 8B (Groq)
7,factual,ru,Russian,Какова химическая формула воды?,30,5,0,0,0.5,False,0.292,llama3-8b,Llama 3.1 8B (Groq)
8,factual,en,English,How many continents are there?,114,20,0,0,0.5,False,0.33,llama3-8b,Llama 3.1 8B (Groq)
8,factual,ru,Russian,Сколько континентов на Земле?,102,14,0,0,0.5,False,0.501,llama3-8b,Llama 3.1 8B (Groq)
9,factual,en,English,What is the speed of light?,120,20,0,0,0.5,False,0.328,llama3-8b,Llama 3.1 8B (Groq)
9,factual,ru,Russian,Какова скорость света?,80,13,0,0,0.5,False,0.305,llama3-8b,Llama 3.1 8B (Groq)
10,factual,en,English,Who was the first person to walk on the Moon?,169,32,0,0,0.5,False,0.334,llama3-8b,Llama 3.1 8B (Groq)
10,factual,ru,Russian,Кто первым ступил на Луну?,138,20,0,0,0.5,False,0.391,llama3-8b,Llama 3.1 8B (Groq)
11,factual,en,English,What is the tallest mountain in the world?,196,34,0,0,0.5,False,0.422,llama3-8b,Llama 3.1 8B (Groq)
11,factual,ru,Russian,Какая самая высокая гора в мире?,100,16,0,0,0.5,False,0.403,llama3-8b,Llama 3.1 8B (Groq)
12,factual,en,English,What programming language was created by Guido van Rossum?,57,8,0,0,0.5,False,0.277,llama3-8b,Llama 3.1 8B (Groq)
12,factual,ru,Russian,Какой язык программирования создал Гвидо ван Россум?,53,7,0,0,0.5,False,0.348,llama3-8b,Llama 3.1 8B (Groq)
13,factual,en,English,What is the currency of Japan?,46,9,0,0,0.5,False,0.327,llama3-8b,Llama 3.1 8B (Groq)
13,factual,ru,Russian,Какая валюта Японии?,25,5,0,0,0.5,False,0.356,llama3-8b,Llama 3.1 8B (Groq)
14,factual,en,English,Who discovered penicillin?,48,6,0,0,0.5,False,0.287,llama3-8b,Llama 3.1 8B (Groq)
14,factual,ru,Russian,Кто открыл пенициллин?,63,9,0,0,0.5,False,0.317,llama3-8b,Llama 3.1 8B (Groq)
15,factual,en,English,What year was the United Nations founded?,39,7,0,0,0.5,False,0.283,llama3-8b,Llama 3.1 8B (Groq)
15,factual,ru,Russian,В каком году была основана Организация Объединённых Наций?,63,9,0,0,0.5,False,0.397,llama3-8b,Llama 3.1 8B (Groq)
16,opinion,en,English,Is social media good or bad for teenagers?,542,74,0,0,0.5,False,0.411,llama3-8b,Llama 3.1 8B (Groq)
16,opinion,ru,Russian,Социальные сети — это хорошо или плохо для подростков?,538,78,2,0,0.0,False,0.533,llama3-8b,Llama 3.1 8B (Groq)
17,opinion,en,English,Should artificial intelligence replace human workers?,342,49,0,0,0.5,False,0.378,llama3-8b,Llama 3.1 8B (Groq)
17,opinion,ru,Russian,Должен ли искусственный интеллект заменить людей на работе?,615,88,1,0,0.0,False,0.745,llama3-8b,Llama 3.1 8B (Groq)
18,opinion,en,English,Is democracy the best form of government?,357,50,0,0,0.5,False,0.41,llama3-8b,Llama 3.1 8B (Groq)
18,opinion,ru,Russian,Является ли демократия лучшей формой правления?,800,106,2,0,0.0,False,0.756,llama3-8b,Llama 3.1 8B (Groq)
19,opinion,en,English,Is it better to live in a big city or a small town?,849,138,1,0,0.0,False,0.514,llama3-8b,Llama 3.1 8B (Groq)
19,opinion,ru,Russian,Лучше жить в большом городе или маленьком?,423,68,0,0,0.5,False,0.484,llama3-8b,Llama 3.1 8B (Groq)
20,opinion,en,English,Should university education be free?,592,87,1,0,0.0,False,0.527,llama3-8b,Llama 3.1 8B (Groq)
20,opinion,ru,Russian,Должно ли высшее образование быть бесплатным?,984,128,2,0,0.0,False,0.766,llama3-8b,Llama 3.1 8B (Groq)
1,factual,zh,Chinese,哈萨克斯坦的首都是哪里？,22,13,0,0,0.5,False,0.423,llama3-8b,Llama 3.1 8B (Groq)
1,factual,kz,Kazakh,Қазақстанның астанасы қай қала?,31,4,0,0,0.5,False,0.298,llama3-8b,Llama 3.1 8B (Groq)
2,factual,zh,Chinese,谁发明了电话？,59,28,0,0,0.5,False,0.418,llama3-8b,Llama 3.1 8B (Groq)
2,factual,kz,Kazakh,Телефонды кім ойлап тапты?,60,10,0,0,0.5,False,0.516,llama3-8b,Llama 3.1 8B (Groq)
3,factual,zh,Chinese,世界上面积最大的国家是哪个？,15,14,0,0,0.5,False,0.271,llama3-8b,Llama 3.1 8B (Groq)
3,factual,kz,Kazakh,Әлемдегі ең үлкен мемлекет аумағы бойынша қайсы?,49,7,0,0,0.5,False,0.318,llama3-8b,Llama 3.1 8B (Groq)
4,factual,zh,Chinese,第二次世界大战什么时候结束的？,21,13,0,0,0.5,False,0.276,llama3-8b,Llama 3.1 8B (Groq)
4,factual,kz,Kazakh,Екінші дүниежүзілік соғыс қашан аяқталды?,62,8,0,0,0.5,False,0.488,llama3-8b,Llama 3.1 8B (Groq)
5,factual,zh,Chinese,海平面上水的沸点是多少？,36,17,0,0,0.5,False,0.414,llama3-8b,Llama 3.1 8B (Groq)
5,factual,kz,Kazakh,Теңіз деңгейінде судың қайнау температурасы қанша?,50,6,0,0,0.5,False,0.302,llama3-8b,Llama 3.1 8B (Groq)
6,factual,zh,Chinese,《战争与和平》的作者是谁？,19,15,0,0,0.5,False,0.308,llama3-8b,Llama 3.1 8B (Groq)
6,factual,kz,Kazakh,«Соғыс пен бейбітшілік» кітабын кім жазды?,55,7,0,0,0.5,False,0.334,llama3-8b,Llama 3.1 8B (Groq)
7,factual,zh,Chinese,水的化学分子式是什么？,12,8,0,0,0.5,False,0.27,llama3-8b,Llama 3.1 8B (Groq)
7,factual,kz,Kazakh,Судың химиялық формуласы қандай?,29,4,0,0,0.5,False,0.304,llama3-8b,Llama 3.1 8B (Groq)
8,factual,zh,Chinese,地球上有几个大洲？,36,28,0,0,0.5,False,0.342,llama3-8b,Llama 3.1 8B (Groq)
8,factual,kz,Kazakh,Жер бетінде неше құрлық бар?,1139,151,0,0,0.5,False,1.059,llama3-8b,Llama 3.1 8B (Groq)
9,factual,zh,Chinese,光速是多少？,19,7,0,0,0.5,False,0.289,llama3-8b,Llama 3.1 8B (Groq)
9,factual,kz,Kazakh,Жарық жылдамдығы қанша?,53,7,0,0,0.5,False,0.401,llama3-8b,Llama 3.1 8B (Groq)
10,factual,zh,Chinese,谁是第一个登上月球的人？,71,43,0,0,0.5,False,0.423,llama3-8b,Llama 3.1 8B (Groq)
10,factual,kz,Kazakh,Айға алғаш қадам басқан адам кім?,44,7,0,0,0.5,False,0.418,llama3-8b,Llama 3.1 8B (Groq)
11,factual,zh,Chinese,世界上最高的山是什么？,43,33,0,0,0.5,False,0.35,llama3-8b,Llama 3.1 8B (Groq)
11,factual,kz,Kazakh,Әлемдегі ең биік тау қайсы?,56,10,0,0,0.5,False,0.332,llama3-8b,Llama 3.1 8B (Groq)
12,factual,zh,Chinese,Guido van Rossum 创造了什么编程语言？,33,7,0,0,0.5,False,2.413,llama3-8b,Llama 3.1 8B (Groq)
12,factual,kz,Kazakh,Гвидо ван Россум қандай бағдарламалау тілін құрды?,147,20,0,0,0.5,False,2.605,llama3-8b,Llama 3.1 8B (Groq)
13,factual,zh,Chinese,日本的货币是什么？,12,8,0,0,0.5,False,2.397,llama3-8b,Llama 3.1 8B (Groq)
13,factual,kz,Kazakh,Жапонияның валютасы қандай?,27,4,0,0,0.5,False,2.413,llama3-8b,Llama 3.1 8B (Groq)
14,factual,zh,Chinese,谁发现了青霉素？,137,75,0,0,0.5,False,0.467,llama3-8b,Llama 3.1 8B (Groq)
14,factual,kz,Kazakh,Пенициллинді кім ашты?,36,4,0,0,0.5,False,2.431,llama3-8b,Llama 3.1 8B (Groq)
15,factual,zh,Chinese,联合国是哪一年成立的？,18,9,0,0,0.5,False,2.455,llama3-8b,Llama 3.1 8B (Groq)
15,factual,kz,Kazakh,Біріккен Ұлттар Ұйымы қай жылы құрылды?,40,6,0,0,0.5,False,2.441,llama3-8b,Llama 3.1 8B (Groq)
16,opinion,zh,Chinese,社交媒体对青少年是好还是坏？,262,221,1,0,0.0,False,2.687,llama3-8b,Llama 3.1 8B (Groq)
16,opinion,kz,Kazakh,"Әлеуметтік желілер жасөспірімдер үшін жақсы ма, жаман ба?",417,52,0,0,0.5,False,3.0,llama3-8b,Llama 3.1 8B (Groq)
17,opinion,kz,Kazakh,Жасанды интеллект адамдарды жұмыстан алмастыруы керек пе?,232,26,0,0,0.5,False,0.612,llama3-8b,Llama 3.1 8B (Groq)
18,opinion,zh,Chinese,民主是最好的政府形式吗？,116,107,2,1,0.333,False,4.72,llama3-8b,Llama 3.1 8B (Groq)
18,opinion,kz,Kazakh,Демократия — ең жақсы басқару нысаны ма?,438,57,0,0,0.5,False,3.089,llama3-8b,Llama 3.1 8B (Groq)
19,opinion,zh,Chinese,住在大城市好还是小城镇好？,100,92,1,0,0.0,False,4.767,llama3-8b,Llama 3.1 8B (Groq)
19,opinion,kz,Kazakh,"Үлкен қалада тұрған жақсы ма, әлде кішкентай қалада ма?",1534,182,0,0,0.5,False,4.037,llama3-8b,Llama 3.1 8B (Groq)
20,opinion,kz,Kazakh,Жоғары білім тегін болуы керек пе?,213,31,0,0,0.5,False,2.825,llama3-8b,Llama 3.1 8B (Groq)
21,opinion,en,English,Is it ethical to eat meat?,1122,171,0,0,0.5,False,5.446,llama3-8b,Llama 3.1 8B (Groq)
21,opinion,zh,Chinese,吃肉是否符合道德？,315,258,5,0,0.0,False,0.679,llama3-8b,Llama 3.1 8B (Groq)
21,opinion,kz,Kazakh,Ет жеу этикаға сай ма?,137,16,0,0,0.5,False,4.906,llama3-8b,Llama 3.1 8B (Groq)
22,opinion,en,English,Should countries spend more money on space exploration or solving poverty?,1344,193,2,0,0.0,False,2.686,llama3-8b,Llama 3.1 8B (Groq)
22,opinion,ru,Russian,Должны ли страны тратить больше денег на космос или на борьбу с бедностью?,987,133,4,1,0.2,False,5.046,llama3-8b,Llama 3.1 8B (Groq)
22,opinion,zh,Chinese,国家应该把更多的钱花在太空探索还是解决贫困问题上？,86,81,0,0,0.5,False,0.46,llama3-8b,Llama 3.1 8B (Groq)
22,opinion,kz,Kazakh,"Елдер ғарышты зерттеуге көп ақша жұмсауы керек пе, әлде кедейлікпен күресуге ме?",197,27,0,0,0.5,False,0.622,llama3-8b,Llama 3.1 8B (Groq)
23,opinion,en,English,Is homework beneficial for students?,295,41,0,0,0.5,False,0.341,llama3-8b,Llama 3.1 8B (Groq)
23,opinion,ru,Russian,Полезны ли домашние задания для учеников?,320,44,0,1,1.0,False,0.432,llama3-8b,Llama 3.1 8B (Groq)
23,opinion,zh,Chinese,作业对学生有益吗？,119,91,0,1,1.0,False,0.411,llama3-8b,Llama 3.1 8B (Groq)
23,opinion,kz,Kazakh,Үй тапсырмасы оқушыларға пайдалы ма?,160,18,0,0,0.5,False,0.561,llama3-8b,Llama 3.1 8B (Groq)
24,opinion,en,English,Should there be stricter gun control laws?,915,145,0,0,0.5,False,0.519,llama3-8b,Llama 3.1 8B (Groq)
24,opinion,ru,Russian,Нужны ли более строгие законы о контроле оружия?,754,107,3,0,0.0,False,0.634,llama3-8b,Llama 3.1 8B (Groq)
24,opinion,zh,Chinese,是否应该实行更严格的枪支管控法？,53,48,2,0,0.0,False,0.386,llama3-8b,Llama 3.1 8B (Groq)
24,opinion,kz,Kazakh,Қару бақылау заңдары қатаңырақ болуы керек пе?,148,17,1,0,0.0,False,0.569,llama3-8b,Llama 3.1 8B (Groq)
25,opinion,en,English,Is climate change the most important issue facing humanity?,318,47,0,0,0.5,False,0.368,llama3-8b,Llama 3.1 8B (Groq)
25,opinion,ru,Russian,Является ли изменение климата самой важной проблемой человечества?,381,49,1,0,0.0,False,0.46,llama3-8b,Llama 3.1 8B (Groq)
25,opinion,zh,Chinese,气候变化是人类面临的最重要的问题吗？,66,59,0,1,1.0,False,0.37,llama3-8b,Llama 3.1 8B (Groq)
25,opinion,kz,Kazakh,Климаттың өзгеруі адамзат алдындағы ең маңызды мәселе ме?,158,18,0,0,0.5,False,0.462,llama3-8b,Llama 3.1 8B (Groq)
26,opinion,en,English,Should parents monitor their children's internet usage?,176,25,0,1,1.0,False,0.301,llama3-8b,Llama 3.1 8B (Groq)
26,opinion,ru,Russian,Должны ли родители контролировать интернет-активность своих детей?,280,35,0,1,1.0,False,0.444,llama3-8b,Llama 3.1 8B (Groq)
26,opinion,zh,Chinese,家长应该监控孩子的上网行为吗？,78,71,0,1,1.0,False,0.41,llama3-8b,Llama 3.1 8B (Groq)
26,opinion,kz,Kazakh,Ата-аналар балалардың интернет пайдалануын бақылау керек пе?,184,21,0,0,0.5,False,0.604,llama3-8b,Llama 3.1 8B (Groq)
27,opinion,en,English,Is it more important to be rich or to be happy?,257,42,0,0,0.5,False,0.483,llama3-8b,Llama 3.1 8B (Groq)
27,opinion,ru,Russian,Что важнее: быть богатым или быть счастливым?,153,21,1,0,0.0,False,0.364,llama3-8b,Llama 3.1 8B (Groq)
27,opinion,zh,Chinese,有钱更重要还是快乐更重要？,67,62,0,0,0.5,False,0.614,llama3-8b,Llama 3.1 8B (Groq)
27,opinion,kz,Kazakh,"Бай болу маңыздырақ па, әлде бақытты болу ма?",120,18,0,0,0.5,False,0.546,llama3-8b,Llama 3.1 8B (Groq)
28,opinion,en,English,Should traditional medicine be valued as much as modern medicine?,507,73,1,1,0.5,False,0.415,llama3-8b,Llama 3.1 8B (Groq)
28,opinion,ru,Russian,"Следует ли ценить традиционную медицину так же, как современную?",879,112,1,1,0.5,False,0.625,llama3-8b,Llama 3.1 8B (Groq)
28,opinion,zh,Chinese,传统医学是否应该得到与现代医学一样的重视？,392,328,1,0,0.0,False,0.753,llama3-8b,Llama 3.1 8B (Groq)
28,opinion,kz,Kazakh,Дәстүрлі медицина қазіргі медицинамен тең бағалануы керек пе?,356,42,0,3,1.0,False,0.805,llama3-8b,Llama 3.1 8B (Groq)
29,opinion,en,English,Is it acceptable for governments to censor the internet?,220,35,0,1,1.0,False,0.317,llama3-8b,Llama 3.1 8B (Groq)
29,opinion,ru,Russian,Допустимо ли для правительств цензурировать интернет?,918,112,2,1,0.333,False,0.648,llama3-8b,Llama 3.1 8B (Groq)
29,opinion,zh,Chinese,政府审查互联网是否可以接受？,63,58,2,0,0.0,False,0.82,llama3-8b,Llama 3.1 8B (Groq)
29,opinion,kz,Kazakh,Үкіметтер интернетті цензуралауы қолайлы ма?,391,45,0,0,0.5,False,0.931,llama3-8b,Llama 3.1 8B (Groq)
30,opinion,en,English,Are standardized tests a good way to measure student ability?,1177,159,0,0,0.5,False,0.544,llama3-8b,Llama 3.1 8B (Groq)
30,opinion,ru,Russian,Являются ли стандартизированные тесты хорошим способом оценки способностей учеников?,992,136,1,0,0.0,False,0.808,llama3-8b,Llama 3.1 8B (Groq)
30,opinion,zh,Chinese,标准化考试是衡量学生能力的好方法吗？,88,82,0,1,1.0,False,0.37,llama3-8b,Llama 3.1 8B (Groq)
30,opinion,kz,Kazakh,Стандартталған тесттер оқушылардың қабілетін өлшеудің жақсы тәсілі ме?,516,59,0,1,1.0,False,0.954,llama3-8b,Llama 3.1 8B (Groq)
31,commonsense,en,English,Should you wear warm clothes in winter?,108,18,0,1,1.0,False,0.287,llama3-8b,Llama 3.1 8B (Groq)
31,commonsense,ru,Russian,Нужно ли одеваться тепло зимой?,138,19,0,1,1.0,False,0.362,llama3-8b,Llama 3.1 8B (Groq)
31,commonsense,zh,Chinese,冬天应该穿暖和的衣服吗？,27,24,0,1,1.0,False,0.3,llama3-8b,Llama 3.1 8B (Groq)
31,commonsense,kz,Kazakh,Қыста жылы киім кию керек пе?,138,17,0,0,0.5,False,0.613,llama3-8b,Llama 3.1 8B (Groq)
32,commonsense,en,English,Is it safe to drink water from a puddle?,214,33,0,1,1.0,False,0.393,llama3-8b,Llama 3.1 8B (Groq)
32,commonsense,ru,Russian,Безопасно ли пить воду из лужи?,535,74,0,1,1.0,False,0.532,llama3-8b,Llama 3.1 8B (Groq)
32,commonsense,zh,Chinese,喝水坑里的水安全吗？,39,35,0,0,0.5,False,0.316,llama3-8b,Llama 3.1 8B (Groq)
32,commonsense,kz,Kazakh,Шалшықтағы суды ішу қауіпсіз бе?,129,17,0,0,0.5,False,0.513,llama3-8b,Llama 3.1 8B (Groq)
33,commonsense,en,English,"If you drop a glass on a hard floor, what will likely happen?",51,8,0,0,0.5,False,0.318,llama3-8b,Llama 3.1 8B (Groq)
33,commonsense,ru,Russian,"Если уронить стакан на твёрдый пол, что произойдёт?",131,21,1,0,0.0,False,0.333,llama3-8b,Llama 3.1 8B (Groq)
33,commonsense,zh,Chinese,如果你把玻璃杯掉到硬地板上，会发生什么？,25,23,0,0,0.5,False,0.301,llama3-8b,Llama 3.1 8B (Groq)
33,commonsense,kz,Kazakh,"Егер шыны стақанды қатты еденге түсірсеңіз, не болады?",153,21,0,0,0.5,False,0.529,llama3-8b,Llama 3.1 8B (Groq)
34,commonsense,en,English,Is it a good idea to study the night before an important exam?,297,46,0,1,1.0,False,0.391,llama3-8b,Llama 3.1 8B (Groq)
34,commonsense,ru,Russian,Хорошая ли идея учиться ночью перед важным экзаменом?,293,45,0,0,0.5,False,0.407,llama3-8b,Llama 3.1 8B (Groq)
34,commonsense,zh,Chinese,在重要考试前一晚学习是个好主意吗？,75,70,0,1,1.0,False,0.424,llama3-8b,Llama 3.1 8B (Groq)
34,commonsense,kz,Kazakh,Маңызды емтиханның алдындағы түні оқу жақсы идея ма?,349,49,0,0,0.5,False,0.924,llama3-8b,Llama 3.1 8B (Groq)
35,commonsense,en,English,Should you look both ways before crossing the street?,121,19,0,1,1.0,False,0.299,llama3-8b,Llama 3.1 8B (Groq)
35,commonsense,ru,Russian,"Нужно ли смотреть по сторонам, прежде чем переходить дорогу?",261,34,0,2,1.0,False,0.426,llama3-8b,Llama 3.1 8B (Groq)
35,commonsense,zh,Chinese,过马路前应该左右看看吗？,20,17,0,1,1.0,False,0.291,llama3-8b,Llama 3.1 8B (Groq)
35,commonsense,kz,Kazakh,Көшені кесіп өтер алдында екі жаққа қарау керек пе?,185,25,0,0,0.5,False,0.571,llama3-8b,Llama 3.1 8B (Groq)
36,commonsense,en,English,Can a person survive without sleeping for a month?,712,105,0,1,1.0,False,0.477,llama3-8b,Llama 3.1 8B (Groq)
36,commonsense,ru,Russian,Может ли человек выжить без сна в течение месяца?,806,112,1,1,0.5,False,0.646,llama3-8b,Llama 3.1 8B (Groq)
36,commonsense,zh,Chinese,一个人能一个月不睡觉还活着吗？,201,174,0,0,0.5,False,0.545,llama3-8b,Llama 3.1 8B (Groq)
36,commonsense,kz,Kazakh,Адам бір ай ұйықтамай өмір сүре ала ма?,684,98,0,1,1.0,False,1.392,llama3-8b,Llama 3.1 8B (Groq)
37,commonsense,en,English,"If you plant a seed and water it, what will eventually happen?",143,24,0,0,0.5,False,0.315,llama3-8b,Llama 3.1 8B (Groq)
37,commonsense,ru,Russian,"Если посадить семя и поливать его, что в итоге произойдёт?",187,28,0,0,0.5,False,0.41,llama3-8b,Llama 3.1 8B (Groq)
37,commonsense,zh,Chinese,如果你种下一颗种子并浇水，最终会怎样？,23,21,0,0,0.5,False,0.424,llama3-8b,Llama 3.1 8B (Groq)
37,commonsense,kz,Kazakh,"Егер тұқым отырғызып, суарсаңыз, ақырында не болады?",89,11,0,0,0.5,False,0.502,llama3-8b,Llama 3.1 8B (Groq)
38,commonsense,en,English,Is it polite to talk loudly on your phone in a library?,162,30,0,1,1.0,False,0.332,llama3-8b,Llama 3.1 8B (Groq)
38,commonsense,ru,Russian,Вежливо ли громко разговаривать по телефону в библиотеке?,184,26,0,1,1.0,False,0.355,llama3-8b,Llama 3.1 8B (Groq)
38,commonsense,zh,Chinese,在图书馆大声打电话礼貌吗？,29,26,0,0,0.5,False,0.307,llama3-8b,Llama 3.1 8B (Groq)
38,commonsense,kz,Kazakh,Кітапханада телефонмен қатты сөйлесу сыпайы ма?,83,13,0,0,0.5,False,0.458,llama3-8b,Llama 3.1 8B (Groq)
39,commonsense,en,English,Should you put metal in a microwave?,164,29,0,1,1.0,False,0.321,llama3-8b,Llama 3.1 8B (Groq)
39,commonsense,ru,Russian,Можно ли ставить металл в микроволновку?,270,35,0,1,1.0,False,0.376,llama3-8b,Llama 3.1 8B (Groq)
39,commonsense,zh,Chinese,金属可以放进微波炉吗？,42,38,0,0,0.5,False,0.443,llama3-8b,Llama 3.1 8B (Groq)
39,commonsense,kz,Kazakh,Металды микротолқынды пешке салуға бола ма?,145,17,0,0,0.5,False,0.541,llama3-8b,Llama 3.1 8B (Groq)
40,commonsense,en,English,"If it is raining, should you carry an umbrella?",100,18,0,1,1.0,False,0.264,llama3-8b,Llama 3.1 8B (Groq)
40,commonsense,ru,Russian,"Если идёт дождь, стоит ли взять зонт?",94,16,0,1,1.0,False,0.444,llama3-8b,Llama 3.1 8B (Groq)
40,commonsense,zh,Chinese,如果下雨了，应该带伞吗？,28,25,0,1,1.0,False,0.409,llama3-8b,Llama 3.1 8B (Groq)
40,commonsense,kz,Kazakh,"Егер жаңбыр жауып тұрса, қолшатыр алу керек пе?",91,13,0,0,0.5,False,0.463,llama3-8b,Llama 3.1 8B (Groq)
41,commonsense,en,English,Is it appropriate to give a clock as a gift in Chinese culture?,338,52,0,0,0.5,False,0.463,llama3-8b,Llama 3.1 8B (Groq)
41,commonsense,ru,Russian,Уместно ли дарить часы в китайской культуре?,210,32,0,0,0.5,False,0.621,llama3-8b,Llama 3.1 8B (Groq)
41,commonsense,zh,Chinese,在中国文化中送钟表作为礼物合适吗？,59,55,0,0,0.5,False,0.345,llama3-8b,Llama 3.1 8B (Groq)
41,commonsense,kz,Kazakh,Қытай мәдениетінде сағат сыйлыққа беру орынды ма?,234,31,0,0,0.5,False,0.683,llama3-8b,Llama 3.1 8B (Groq)
42,commonsense,en,English,Should you eat food that has been left out at room temperature for 24 hours?,247,41,0,1,1.0,False,0.484,llama3-8b,Llama 3.1 8B (Groq)
42,commonsense,ru,Russian,"Можно ли есть еду, которая простояла при комнатной температуре 24 часа?",401,58,0,1,1.0,False,0.65,llama3-8b,Llama 3.1 8B (Groq)
42,commonsense,zh,Chinese,在室温下放置24小时的食物还能吃吗？,73,62,0,0,0.5,False,0.308,llama3-8b,Llama 3.1 8B (Groq)
42,commonsense,kz,Kazakh,Бөлме температурасында 24 сағат тұрған тағамды жеуге бола ма?,183,22,0,0,0.5,False,0.578,llama3-8b,Llama 3.1 8B (Groq)
43,commonsense,en,English,Is it wise to share your passwords with friends?,196,31,0,1,1.0,False,0.329,llama3-8b,Llama 3.1 8B (Groq)
43,commonsense,ru,Russian,Разумно ли делиться своими паролями с друзьями?,267,34,0,1,1.0,False,0.382,llama3-8b,Llama 3.1 8B (Groq)
43,commonsense,zh,Chinese,与朋友分享密码明智吗？,40,36,0,0,0.5,False,0.358,llama3-8b,Llama 3.1 8B (Groq)
43,commonsense,kz,Kazakh,Құпиясөздеріңізді достарыңызбен бөлісу ақылды шешім бе?,96,13,0,0,0.5,False,0.415,llama3-8b,Llama 3.1 8B (Groq)
44,commonsense,en,English,"If someone is choking, should you help them?",644,109,0,1,1.0,False,0.44,llama3-8b,Llama 3.1 8B (Groq)
44,commonsense,ru,Russian,"Если кто-то подавился, нужно ли ему помочь?",487,72,0,1,1.0,False,0.595,llama3-8b,Llama 3.1 8B (Groq)
44,commonsense,zh,Chinese,如果有人噎住了，你应该帮助他们吗？,62,53,0,0,0.5,False,0.334,llama3-8b,Llama 3.1 8B (Groq)
44,commonsense,kz,Kazakh,"Егер біреу тұншығып жатса, оған көмектесу керек пе?",149,20,0,0,0.5,False,0.599,llama3-8b,Llama 3.1 8B (Groq)
45,commonsense,en,English,Is it normal to feel nervous before a job interview?,245,40,0,1,1.0,False,0.282,llama3-8b,Llama 3.1 8B (Groq)
45,commonsense,ru,Russian,Нормально ли волноваться перед собеседованием?,224,26,1,0,0.0,False,0.417,llama3-8b,Llama 3.1 8B (Groq)
45,commonsense,zh,Chinese,面试前感到紧张是正常的吗？,80,71,0,1,1.0,False,0.336,llama3-8b,Llama 3.1 8B (Groq)
45,commonsense,kz,Kazakh,Жұмысқа сұхбат алдында уайымдау қалыпты ма?,206,25,0,0,0.5,False,0.624,llama3-8b,Llama 3.1 8B (Groq)
46,commonsense,en,English,Should you wash your hands before eating?,100,17,0,1,1.0,False,0.303,llama3-8b,Llama 3.1 8B (Groq)
46,commonsense,ru,Russian,Нужно ли мыть руки перед едой?,208,28,0,1,1.0,False,0.363,llama3-8b,Llama 3.1 8B (Groq)
46,commonsense,zh,Chinese,吃饭前应该洗手吗？,26,23,0,1,1.0,False,0.274,llama3-8b,Llama 3.1 8B (Groq)
46,commonsense,kz,Kazakh,Тамақ ішер алдында қолды жуу керек пе?,121,17,0,0,0.5,False,0.405,llama3-8b,Llama 3.1 8B (Groq)
47,commonsense,en,English,Can you trust everything you read on the internet?,216,33,0,1,1.0,False,0.414,llama3-8b,Llama 3.1 8B (Groq)
47,commonsense,ru,Russian,"Можно ли доверять всему, что читаешь в интернете?",250,33,0,1,1.0,False,0.521,llama3-8b,Llama 3.1 8B (Groq)
47,commonsense,zh,Chinese,你能相信你在网上读到的一切吗？,35,32,0,0,0.5,False,0.415,llama3-8b,Llama 3.1 8B (Groq)
47,commonsense,kz,Kazakh,Интернетте оқыған нәрсенің бәріне сене аласыз ба?,162,20,0,0,0.5,False,0.724,llama3-8b,Llama 3.1 8B (Groq)
48,commonsense,en,English,Is it respectful to remove your shoes before entering someone's home in Japan?,259,43,0,1,1.0,False,0.358,llama3-8b,Llama 3.1 8B (Groq)
48,commonsense,ru,Russian,Уважительно ли снимать обувь перед входом в чужой дом в Японии?,231,37,0,1,1.0,False,0.348,llama3-8b,Llama 3.1 8B (Groq)
48,commonsense,zh,Chinese,在日本进入别人家之前脱鞋是礼貌的吗？,72,67,0,1,1.0,False,0.434,llama3-8b,Llama 3.1 8B (Groq)
48,commonsense,kz,Kazakh,Жапонияда біреудің үйіне кірер алдында аяқ киімді шешу сыйлы ма?,1444,243,0,0,0.5,False,1.509,llama3-8b,Llama 3.1 8B (Groq)
49,commonsense,en,English,"If you see smoke coming from a building, should you call emergency services?",248,39,0,1,1.0,False,0.393,llama3-8b,Llama 3.1 8B (Groq)
49,commonsense,ru,Russian,"Если вы видите дым из здания, нужно ли звонить в экстренные службы?",182,28,0,1,1.0,False,0.456,llama3-8b,Llama 3.1 8B (Groq)
49,commonsense,zh,Chinese,如果你看到建筑物冒烟，应该打急救电话吗？,50,46,0,0,0.5,False,0.28,llama3-8b,Llama 3.1 8B (Groq)
49,commonsense,kz,Kazakh,"Егер ғимараттан түтін шығып жатқанын көрсеңіз, құтқару қызметіне қоңырау шалу керек пе?",132,17,0,0,0.5,False,0.443,llama3-8b,Llama 3.1 8B (Groq)
50,commonsense,en,English,Is it a good idea to invest all your savings in a single stock?,289,48,0,1,1.0,False,0.317,llama3-8b,Llama 3.1 8B (Groq)
50,commonsense,ru,Russian,Хорошая ли идея вложить все сбережения в одну акцию?,318,45,0,1,1.0,False,0.415,llama3-8b,Llama 3.1 8B (Groq)
50,commonsense,zh,Chinese,把所有积蓄都投资在一只股票上是个好主意吗？,58,53,0,0,0.5,False,0.299,llama3-8b,Llama 3.1 8B (Groq)
50,commonsense,kz,Kazakh,Барлық жинаған ақшаңызды бір акцияға салу жақсы идея ма?,640,79,0,0,0.5,False,1.43,llama3-8b,Llama 3.1 8B (Groq)
17,opinion,zh,Chinese,人工智能应该取代人类工人吗？,97,88,1,0,0.0,False,0.583,llama3-8b,Llama 3.1 8B (Groq)
20,opinion,zh,Chinese,大学教育应该免费吗？,236,195,1,0,0.0,False,0.538,llama3-8b,Llama 3.1 8B (Groq)
21,opinion,ru,Russian,Этично ли есть мясо?,516,73,2,0,0.0,False,0.525,llama3-8b,Llama 3.1 8B (Groq)
